WeekStart,Year,Month,WeekOfYear,Avg_weekly_Lat,Avg_weekly_Lon,total_weekly_catch_kg,weekly_effort,Avg_weekly_Depth,Avg_weekly_WaterTemp,weekly_CPUE_per_effort,Chlor_a_mg_m3,SSH,Avg_weekly_WaterTemp_2wk,Avg_weekly_WaterTemp_3wk,Avg_weekly_WaterTemp_5wk,Avg_weekly_Depth_2wk,Avg_weekly_Depth_3wk,Avg_weekly_Depth_5wk,Chlor_a_mg_m3_5wk,SSH_5wk,sin_week,cos_week,CPUE_log1p,CPUE_level,Temp_x_Depth,Temp_x_Depth_3wk,Temp_x_Depth_2wk,Temp_x_Depth_5wk,Temp_x_Chlor,Depth_x_Chlor,Temp_x_SSH,Depth_bin,WaterTemp_bin,Chlor_a_bin,SSH_bin,anomaly_flag
1999-12-27,2000,1,52,-46.30542878397516,-60.70190290789855,1064757.877585,2,76.64660206316555,13.743115942028986,532378.9387925,0.9038110375404358,0.0201,13.743115942028986,13.743115942028986,13.743115942028986,76.64660206316555,76.64660206316555,76.64660206316555,0.9038110375404358,0.0201,6.432490598706546e-16,1.0,13.18511268408974,Medium,1053.3631387166422,1053.3631387166422,1053.3631387166422,1053.3631387166422,12.421179878603722,69.27404493465856,0.27623663043478264,shallow,moderate,moderate,neutral,1
2000-01-03,2000,1,1,-46.27048123118,-60.71271329952039,4445198.8640289,7,76.52133931975018,14.182545008013195,635028.4091469857,0.9038110375404358,0.0201,13.96283047502109,13.96283047502109,13.96283047502109,76.58397069145786,76.58397069145786,76.58397069145786,0.9038110375404358,0.0201,0.12053668025532305,0.992708874098054,13.361426590421262,Medium,1085.2673389758068,1069.32899986881,1069.32899986881,1069.32899986881,12.619760298630027,69.21743800961286,0.2806528925479239,shallow,moderate,moderate,neutral,0
2000-01-10,2000,1,2,-46.63613403485192,-60.75093264197583,6010614.5444568,7,76.58530205750183,13.624285873843977,858659.2206366857,0.9038110375404358,0.0201,13.903415440928587,13.84998227462872,13.84998227462872,76.553320688626,76.58441448013919,76.58441448013919,0.9038110375404358,0.0201,0.23931566428755774,0.970941817426052,13.663128570488764,High,1043.4200489660964,1060.692783062747,1064.3526209166007,1060.692783062747,12.51776684954883,69.21783911072137,0.2783846437200373,shallow,moderate,moderate,neutral,0
2000-01-17,2000,1,3,-46.399168120236816,-60.70405922803517,5258918.3270696,7,77.00242413840446,13.576129742206577,751274.0467242285,0.9038110375404358,0.0201,13.600207808025278,13.794320208021249,13.781519141523184,76.79386309795315,76.70302183855216,76.6889168947055,0.9038110375404358,0.0201,0.3546048870425356,0.9350162426854148,13.529527104342646,Medium,1045.3949005673985,1058.0660441638352,1044.4124965132066,1056.8897761270646,12.467458859376686,69.32503775038853,0.2772658361812271,shallow,moderate,moderate,neutral,0
2000-01-24,2000,1,4,-46.64355794123115,-60.733703953592695,8441317.153299,7,76.29805934536776,13.461677023096806,1205902.4504712857,0.9038110375404358,0.0201,13.518903382651692,13.554030879715787,13.71755071783791,76.6502417418861,76.62859518042468,76.61074538483795,0.9038110375404358,0.0201,0.4647231720437685,0.8854560256532099,14.00273959541298,High,1027.0998323964138,1038.6263453447166,1036.2272123654539,1050.9117853478813,12.250282712251032,69.25777011528567,0.27243602068228734,shallow,moderate,moderate,neutral,0
2000-01-31,2000,1,5,-46.61053311798594,-60.891084428159694,11036239.035771,7,76.7511721964676,13.838137099757928,1576605.576538714,0.9038110375404358,0.0201,13.649907061427367,13.625314621687103,13.736554949383697,76.52461577091768,76.68388522674661,76.63165941149838,0.9038110375404358,0.0201,0.5680647467311558,0.8229838658936564,14.270785358942462,High,1062.0932434218475,1044.8420626277662,1044.5538931844653,1052.6550003685038,12.314709745041892,69.30774186941755,0.2738688238959108,shallow,moderate,moderate,neutral,0
2000-02-07,2000,2,6,-46.65418925601099,-61.08816703536062,13623670.373907201,7,76.54017674946518,13.697079874497911,1946238.624843886,1.546664834022522,0.0178,13.76760848712792,13.66563133245088,13.639461922680642,76.64567447296639,76.52980276376685,76.63542689744136,1.032381796836853,0.019639999999999998,0.6631226582407952,0.7485107481711011,14.481409671272147,High,1048.3769145456124,1045.8280705148184,1055.2276383756557,1045.2659870960274,14.108149029905636,79.00797528882758,0.26839299936933525,shallow,moderate,high,neutral,0
2000-02-14,2000,2,7,-47.06893848712464,-61.1096595240652,16533559.4523409,7,77.72561076279489,13.046183953308077,2361937.064620129,1.546664834022522,0.0178,13.371631913902995,13.527133642521306,13.523841538573459,77.13289375613003,77.00565323624255,76.86348863849997,1.1609525561332703,0.019180000000000003,0.7485107481711011,0.6631226582407953,14.674993053812727,High,1014.0226158946442,1041.6657625563064,1031.3926637611573,1039.489640449015,15.704360379441466,89.39990996132804,0.2594504232635587,shallow,moderate,high,neutral,0
2000-02-21,2000,2,8,-47.49159752981979,-61.02744087533585,19050189.400681,7,79.97852310164217,12.659222560795214,2721455.6286687143,1.546664834022522,0.0178,12.852703257051646,13.134162129533735,13.340460102291186,78.85206693221852,78.08143687130074,77.45870843114751,1.2895233154296875,0.01872,0.8229838658936564,0.5680647467311558,14.816677820175927,High,1012.4659240273897,1025.534251174617,1013.4622174849793,1033.3348094007292,16.936808294667387,100.68783334779357,0.2458715150648715,shallow,moderate,high,neutral,0
2000-02-28,2000,2,9,-47.6933004987142,-61.151677806093474,19776323.7367953,7,82.45334112540009,12.421883844818899,2825189.1052564713,1.546664834022522,0.0178,12.540553202807057,12.709096786307398,13.132501466635606,81.21593211352112,80.05249166327904,78.68976478715399,1.4180940747261048,0.018260000000000002,0.8854560256532098,0.4647231720437686,14.854086214194995,High,1024.225826076949,1017.3948645336795,1018.4927175851778,1033.3934514765106,18.022694847783104,113.52196409475691,0.23206810731797312,shallow,moderate,high,neutral,0
2000-03-06,2000,3,10,-47.44651174238818,-60.778150641704094,19482794.702766,7,83.37704148584665,12.780953934925208,2783256.386109429,0.6901641488075256,0.015,12.601418889872054,12.620686780179772,12.92106483366906,82.91519130562337,81.93630190429629,80.01493864502979,1.3753646969795228,0.01724,0.9350162426854148,0.35460488704253557,14.839132521359256,High,1065.638126460954,1034.0924022603708,1044.8490579760373,1033.8782098944819,17.358047049095422,112.69229704022516,0.21758064009029926,shallow,moderate,high,neutral,0
2000-03-13,2000,3,11,-47.30080263891329,-60.520786337393574,16228083.586037,7,83.62694061040081,12.7790678189271,2318297.655148143,0.6901641488075256,0.015,12.780010876926154,12.660635199557069,12.7374624225549,83.50199104812373,83.15244107388251,81.43229141721693,1.2040645599365234,0.01668,0.970941817426052,0.23931566428755804,14.656344136320648,High,1068.6743455497008,1052.762722389092,1067.1563538400117,1037.2407519093406,15.24422215007154,100.12090736927205,0.21117939512861192,shallow,moderate,high,neutral,0
2000-03-20,2000,3,12,-47.361724526116916,-60.54628263506901,15174576.6341306,7,86.04781749112439,11.538870268308255,2167796.662018657,0.6901641488075256,0.015,12.158969043617677,12.366297340720187,12.435999685554936,84.83737905076259,84.35059986245729,83.09673276288282,1.0327644228935242,0.01612,0.992708874098054,0.120536680255323,14.589222307859496,High,992.8946029011503,1043.1045987672583,1031.5350656198812,1033.3909425098534,12.771471936418608,87.11429858767329,0.1993447131324094,shallow,moderate,high,neutral,0
2000-03-27,2000,3,13,-47.69495297259636,-60.92268456356709,14145893.734307,7,89.45987347818391,10.584024349411347,2020841.9620438572,0.6901641488075256,0.015,11.061447308859801,11.633987478882233,12.020960043278162,87.75384548465415,86.3782105265697,84.99300283819117,0.8614642858505249,0.01556,1.0,-1.6081226496766366e-16,14.519025290271642,High,946.8454791883569,1004.9230197143654,970.6845379783265,1021.6974910761235,10.022264715089232,74.41174344431766,0.18102484517140754,shallow,moderate,moderate,neutral,0
2000-04-03,2000,4,14,-47.83425755810943,-61.08135925984535,10959343.45658744,7,93.53687265378969,10.413349014310414,1565620.4937982056,0.5916882157325745,0.0097,10.498686681860882,10.845414544010005,11.619253077176463,91.4983730659868,89.68152120769933,87.2097091438691,0.6704689621925354,0.01394,0.992708874098054,-0.12053668025532288,14.26379342376333,High,974.0321006510196,972.633274434924,960.612750719814,1013.3116813295654,7.271513833870217,60.12867645197402,0.15118507874349946,shallow,moderate,moderate,neutral,0
2000-04-10,2000,4,15,-47.94899530378665,-60.99886475204223,8193824.89650606,7,96.3458756811345,10.267126076629296,1170546.41378658,0.5916882157325745,0.0097,10.340237545469854,10.421499813450353,11.11648750551728,94.9413741674621,93.11420727103604,89.80347598292666,0.6507737755775451,0.012879999999999999,0.9709418174260521,-0.2393156642875575,13.972982072386664,High,989.1952525814604,970.3896937046795,981.7163617848934,998.2992187162254,6.782038780779769,60.596284225682226,0.13422891759724054,shallow,moderate,moderate,neutral,0
2000-04-17,2000,4,16,-47.72963496426325,-61.21395944338984,7816847.7996245995,7,98.35867239574415,10.002107260203445,1116692.5428035143,0.5916882157325745,0.0097,10.13461666841637,10.227527450381052,10.56109539377255,97.35227403843933,96.08047357688945,92.74982233999532,0.631078588962555,0.01182,0.9350162426854148,-0.35460488704253545,13.925882683026652,High,983.7939912734447,982.6656809532482,986.6279791782056,979.5397214881469,6.454373591962272,60.634329691757436,0.12088937446350403,shallow,moderate,moderate,neutral,0
2000-04-24,2000,4,17,-47.63935002589225,-61.20149657816834,5866713.23014701,7,99.33428661107509,9.68790100804247,838101.8900210013,0.5916882157325745,0.0097,9.845004134122957,9.985711448291738,10.190901541719395,98.84647950340963,98.01294489598457,95.40711616398546,0.6113834023475647,0.01076,0.8854560256532099,-0.4647231720437685,13.638896152383166,Medium,962.340735392614,978.7289859286204,973.143999354568,972.2845272065608,6.105098240117631,59.92348772461143,0.10744625518361911,shallow,moderate,moderate,neutral,0
2000-05-01,2000,5,18,-47.4179314485355,-61.014126716203286,5772914.358407401,7,103.14763835137987,9.233136983790226,824702.0512010573,0.4425453245639801,0.0109,9.460518995916349,9.641048417345381,9.92072406859517,101.24096248122748,100.28019911939971,98.14466913862466,0.5618596374988556,0.009940000000000001,0.8229838658936565,-0.5680647467311557,13.622778662586711,Medium,952.3762744527446,966.8062550111682,957.792048718507,973.6661813278633,5.416915968878591,56.34339632553898,0.0958320212684131,shallow,cold,moderate,neutral,0
2000-05-08,2000,5,19,-47.48442122799346,-61.0037161822167,5651653.582163479,7,106.55872023520796,8.936361904515858,807379.0831662113,0.4425453245639801,0.0109,9.084749444153042,9.285799965449518,9.625326646636259,104.85317929329392,103.01354839922097,100.7490386549083,0.5320310592651367,0.01018,0.7485107481711013,-0.6631226582407951,13.60154981923347,Medium,952.2472881038755,956.5632041663183,952.5648623024312,969.7424063880753,4.9403339917422775,54.80640727349796,0.09452944364827609,mid,cold,moderate,neutral,0
2000-05-15,2000,5,20,-47.49127648590379,-60.9983719496094,4722166.57423234,7,107.72209286763027,8.687705566814948,674595.2248903343,0.4425453245639801,0.0109,8.812033735665402,8.952401485040342,9.30944254467339,107.14040655141912,105.80948381807269,103.02428209220746,0.5022024810314178,0.01042,0.6631226582407952,-0.7485107481711012,13.421869605524261,Medium,935.8578258750683,947.248980064266,944.1248769840117,959.0986348436289,4.4959182369766095,53.13778529008977,0.09328402347412038,mid,cold,moderate,neutral,0
2000-05-22,2000,5,21,-46.93656116185723,-60.82870766884018,7549250.64386491,7,110.62628621022175,8.490998568198423,1078464.3776949872,0.4425453245639801,0.0109,8.589352067506685,8.705022013176409,9.007220806272386,109.17418953892602,108.30236643768666,105.47780485510297,0.472373902797699,0.01066,0.5680647467311558,-0.8229838658936564,13.891049642020665,High,939.3276378161019,942.7744839191603,937.7355506345408,950.061878490822,4.112025222304023,51.159211516396574,0.09279553466046052,mid,cold,moderate,neutral,0
2000-05-29,2000,5,22,-46.8867819897158,-60.881251407565365,4667077.2469709,7,111.71175079618641,8.156033244138445,666725.3209958429,0.4425453245639801,0.0109,8.323515906168435,8.444912459717271,8.70084725349158,111.16901850320409,110.02004329134616,107.95329769212526,0.4425453245639801,0.0109,0.46472317204376906,-0.8854560256532096,13.410134927348144,Medium,911.1247532546058,929.1096344097227,925.3170937845523,939.2851537298869,3.737256525399979,48.68885576691193,0.09204954581091825,mid,cold,moderate,neutral,0
2000-06-05,2000,6,23,-46.469144447152765,-60.759594163771986,1866356.15940905,7,109.89671851635252,8.068845365271194,266622.3084870071,0.3903439790010452,0.0105,8.11243930470482,8.238625725869355,8.467988929787774,110.80423465626947,110.74491850758689,109.30311372511979,0.4321050554513931,0.01082,0.35460488704253584,-0.9350162426854147,12.493592111592278,Medium,886.7396278591841,912.3859346259105,898.8926283532564,925.5775570156485,3.5599518261200513,47.85343915268084,0.08914193035390641,mid,cold,moderate,neutral,0
2000-06-12,2000,6,24,-45.96183992407844,-60.43752049737012,1188780.74154943,7,108.98884420961672,7.81914795294075,169825.82022134712,0.3903439790010452,0.0105,7.943996659105972,8.014675520783463,8.244546139472753,109.44278136298462,110.19910450738523,109.78913852000153,0.42166478633880616,0.01074,0.23931566428755768,-0.970941817426052,12.042534492225807,Low,852.1998980950029,883.2100653075989,869.4130895108151,905.161618141118,3.379506441046019,46.46708185683436,0.08607761509321439,mid,cold,moderate,neutral,0
2000-06-19,2000,6,25,-45.60746524196045,-60.65554899371415,829419.3681408,7,109.09929305055356,7.998929571828731,118488.48116297144,0.3903439790010452,0.0105,7.909038762384741,7.962307630013559,8.10679094047551,109.04406863008514,109.32828525884094,110.06457855658618,0.41122451722621917,0.01066,0.12053668025532308,-0.992708874098054,11.682579469068575,Low,872.6775614476817,870.5054398927681,862.4337656034853,892.2705283097879,3.274296111158967,44.95847132473724,0.08487819933594452,mid,cold,moderate,neutral,0
2000-06-26,2000,6,26,-44.77572104908718,-60.81276900675556,479927.3441861,5,101.89880341880341,8.52723076923077,95985.46883722,0.3903439790010452,0.0105,8.26308017052975,8.11510276466675,8.114037380681978,105.49904823467848,106.6623135596579,108.31908199830252,0.4007842481136322,0.01058,-3.216245299353273e-16,-1.0,11.47196251091377,Low,868.9146118606179,865.5756356537316,871.7470934777335,878.905080375383,3.2524053599018212,42.74857514206797,0.08585778725017422,mid,cold,moderate,neutral,0
2001-01-01,2001,1,1,-45.37231171137956,-60.46001804740633,933625.04909041,7,81.88211799839316,11.692090759886941,133375.0070129157,0.9682517051696776,0.0255,10.109660764558855,9.406083700315481,8.821248883831677,91.89046070859828,97.62673815591671,102.35315543874387,0.5059255242347718,0.013500000000000002,0.12053668025532305,0.992708874098054,11.800927538820467,Low,957.3731552489849,918.2852704833356,928.9813852629532,902.8826581706695,4.7587778270782515,49.39185868086296,0.126982129954259,mid,cold,moderate,neutral,0
2001-01-08,2001,1,2,-45.41223998239843,-60.46201544286482,1699889.58364507,7,81.05427934223316,11.934671739628604,242841.36909215286,0.9682517051696776,0.0255,11.813381249757771,10.71799775624877,9.59441415870316,81.46819867031316,88.27840025314323,96.58466760392,0.6215070694684982,0.016499999999999997,0.23931566428755774,0.970941817426052,12.40016782497488,Medium,967.3562170417126,946.1676958384201,962.4148906234185,926.6733023726883,6.661311376056113,54.86564983869818,0.17684696297810468,shallow,cold,moderate,neutral,0
2001-01-15,2001,1,3,-45.69651880696078,-60.5798590919599,4663108.5692543,7,82.11588963527507,12.53631519383488,666158.3670363285,0.9682517051696776,0.0255,12.235493466731743,12.054359231116807,10.537847606881986,81.58508448875412,81.6840956586338,91.21007668905168,0.7370886147022246,0.0195,0.3546048870425356,0.9350162426854148,13.409284210743117,Medium,1029.4306748899671,984.6494325380806,998.2337682449083,961.1578883612456,8.88513094678686,60.20841691222638,0.23506000500677773,shallow,moderate,moderate,neutral,0
2001-01-22,2001,1,4,-45.984030156100296,-60.66887257706261,4567848.56076169,7,82.62005033622815,13.498880053184449,652549.7943945272,0.9682517051696776,0.0255,13.017597623509666,12.656622328882642,11.63783770315313,82.36796998575161,81.9300731045788,85.91422814618659,0.8526701599359512,0.0225,0.4647231720437685,0.8854560256532099,13.388644260966057,Medium,1115.2781494768053,1036.9579926623992,1072.2330903398356,999.8558435569901,10.791924185417294,69.85932853764537,0.28477400239985945,shallow,moderate,moderate,neutral,0
2001-01-29,2001,1,5,-45.81905084585357,-60.58413723260791,3615495.06762142,7,82.18970329153161,13.366008851458838,516499.2953744886,0.9682517051696776,0.0255,13.432444452321644,13.133734699492722,12.605593319598743,82.40487681387988,82.30854775434494,81.97240812073224,0.9682517051696776,0.0255,0.5680647467311558,0.8229838658936564,13.154831139420638,Medium,1098.5483016933872,1081.0186297060939,1106.8989304028491,1033.310840198124,12.716761018029992,79.69539171318434,0.3349102348370644,shallow,moderate,moderate,neutral,0
2001-02-05,2001,2,6,-46.00877049687799,-60.656602046645,4938249.0530659,7,82.65440787945455,12.414697407484326,705464.1504379857,1.1010677814483645,0.0215,12.890353129471581,13.09319543737587,12.75011464911822,82.42205558549308,82.48805383573811,82.12686609694451,0.9948149204254151,0.0247,0.6631226582407952,0.7485107481711011,13.466612652086807,Medium,1026.1294632182164,1080.0322101201014,1062.4494021539415,1047.1269585088228,13.025306177147485,82.06034671264717,0.323401927303184,shallow,moderate,moderate,neutral,0
2001-02-12,2001,2,7,-46.2203837201504,-60.71168139251193,6849741.5522358995,7,83.75762098343331,12.688844280488045,978534.5074622714,1.1010677814483645,0.0215,12.551770843986185,12.823183513143737,12.900949157290109,83.20601443144393,82.86724405147316,82.66753442518454,1.0213781356811524,0.023899999999999998,0.7485107481711011,0.6631226582407953,13.793812352807585,High,1062.7874099629232,1062.6218777005092,1044.3828259848917,1066.4896585778356,13.097319270152042,84.63879123832874,0.3064740859641353,shallow,moderate,high,neutral,0
2001-02-19,2001,2,8,-46.351989784222894,-60.694088858898795,7084798.3149617,7,86.9003712040436,12.186391974149979,1012114.0449945285,1.1010677814483645,0.0215,12.437618127319013,12.429977887374116,12.830964513353127,85.32899609373845,84.43746668897715,83.62443073893824,1.0479413509368896,0.0231,0.8229838658936564,0.5680647467311558,13.827552803193994,High,1059.0019861916107,1049.5558438098747,1061.2894686014147,1072.982103260673,13.025887819410496,88.48551291173533,0.28713248919834206,shallow,moderate,high,neutral,0
2001-02-26,2001,2,9,-46.577194671147744,-60.61429695091971,11396666.7119506,7,90.97600496735545,12.178875248321459,1628095.2445643714,1.1010677814483645,0.0215,12.182633611235719,12.351370500986496,12.566963552380528,88.93818808569952,87.21133238494413,85.29562166516371,1.074504566192627,0.022299999999999997,0.8854560256532098,0.4647231720437686,14.302921942080603,High,1107.9854150880954,1077.1794781711271,1083.5013594952472,1071.9069686437513,13.271604002046903,93.70897487136538,0.2754355621719988,shallow,moderate,high,neutral,0
2001-03-05,2001,3,10,-46.780776485538226,-60.60776821674068,8570269.09013921,7,96.26235220199904,11.339492703623884,1224324.1557341728,0.7855693101882935,0.0188,11.759183975972672,11.901586642031774,12.161660322813537,93.61917858467724,91.37957612446603,88.1101514472572,1.0379680871963504,0.02096,0.9350162426854148,0.35460488704253557,14.0179003568861,High,1091.5662404282407,1087.5619425574705,1100.8851446566605,1071.5657328931995,12.353467121431354,94.84908383872529,0.24945725601698596,shallow,moderate,high,neutral,0
2001-03-12,2001,3,11,-47.0531083592117,-60.53385397678412,9124625.408311099,7,102.11771035887331,10.940106418497106,1303517.915473014,0.7855693101882935,0.0188,11.139799561060496,11.486158123480815,11.866742125016094,99.19003128043617,96.45202250940925,92.00281194314093,0.9748683929443359,0.02042,0.970941817426052,0.23931566428755804,14.080578023546158,High,1117.1786185393382,1107.8631818726053,1104.9570669193797,1091.7736441056043,11.19749251094227,94.0280281799787,0.23454734888147824,shallow,moderate,moderate,neutral,0
2001-03-19,2001,3,12,-46.790290854612394,-60.07787759019924,11214050.24848233,7,106.02319929863604,10.413069048408248,1602007.1783546186,0.7855693101882935,0.0188,10.676587733452678,10.89755605684308,11.411587078600135,104.07045482875468,101.46775395316946,96.45592760618149,0.9117686986923218,0.019880000000000002,0.992708874098054,0.120536680255323,14.286768511688308,High,1104.0268950298462,1105.7505366666253,1111.1173414395232,1100.7152171250907,9.936050504874444,92.515121981114,0.21664341441004042,shallow,moderate,moderate,neutral,0
2001-03-26,2001,3,13,-46.52908609360225,-59.68273893087356,10805250.43318209,7,110.55808376718844,10.617497505647735,1543607.2047402987,0.7855693101882935,0.0188,10.515283277027992,10.65689099085103,11.097808184899685,108.29064153291225,106.2329978082326,101.18747011881045,0.8486690044403076,0.01934,1.0,-1.6081226496766366e-16,14.24963322396012,High,1173.8501786273166,1132.1134772736511,1138.706771969665,1122.959134093827,9.044173067634427,90.15665248862213,0.20610427176305893,mid,moderate,moderate,neutral,0
2001-04-02,2001,4,14,-46.815030624516474,-59.69111566772859,4823863.359007015,7,119.97950416523751,9.865330703330224,689123.3370010022,0.4661996066570282,0.0168,10.24141410448898,10.298632419128737,10.63509927590144,115.26879396621297,112.18692907702068,106.98816995838688,0.7216953694820404,0.0184,0.992708874098054,-0.12053668025532288,13.443176993804821,Medium,1183.6374862116543,1155.3719447951014,1180.5154523330077,1137.8298088544605,7.432475328882833,80.9647872312959,0.18949483651196875,mid,moderate,moderate,neutral,0
2001-04-09,2001,4,15,-47.378581948933565,-60.18735382785634,6494680.6068597995,7,111.68602019043742,9.449128212447922,927811.5152656856,0.4661996066570282,0.0168,9.657229457889073,9.97731880714196,10.257026377666246,115.83276217783747,114.07453604095446,110.07290355607454,0.6578214287757873,0.018,0.9709418174260521,-0.2393156642875575,13.74058496039471,High,1055.3355243174906,1138.1580138574084,1118.6235630924714,1129.0206752409692,6.563294113065658,75.04067428539571,0.17959173852855528,mid,moderate,moderate,neutral,0
2001-04-16,2001,4,16,-47.56663049194697,-60.96500144136786,8147445.476605648,7,115.36712876880732,9.26830109668965,1163920.7823722356,0.4661996066570282,0.0168,9.358714654568786,9.527586670822599,9.922665313304757,113.52657447962237,115.67755104149408,112.72278723806134,0.5939474880695343,0.017599999999999998,0.9350162426854148,-0.35460488704253545,13.96730570774183,High,1069.2572860898729,1102.12789341634,1062.4628162654367,1118.5104909461434,5.65888617049986,68.70639086713076,0.16768552540647771,mid,cold,moderate,neutral,0
2001-04-23,2001,4,17,-47.87540098115814,-60.929061491554634,3946716.615711782,7,117.4842237448742,8.632784890794069,563816.6593873975,0.4661996066570282,0.0168,8.950542993741859,9.116738066643881,9.566608481781921,116.42567625684076,114.84579090137298,115.01499212730899,0.5300735473632813,0.0172,0.8854560256532099,-0.4647231720437685,13.24248617925108,Medium,1014.2160316514197,1047.0189937043706,1042.073020912324,1100.303399217195,4.832541687367785,60.87671578283243,0.15680789474627477,mid,cold,moderate,neutral,0
2001-04-30,2001,4,18,-48.99164688440357,-61.39987387032364,3394781.07222758,7,115.84378672111814,8.293848560101608,484968.72460394,0.4661996066570282,0.0168,8.46331672544784,8.731644849195108,9.101878692672695,116.66400523299617,116.23171307826654,116.07213271809492,0.4661996066570282,0.0168,0.8229838658936565,-0.5680647467311557,13.091841744476223,Medium,960.7908236936635,1014.8940388129697,987.3644267461508,1056.4744715999054,4.070689394163626,54.18717891816042,0.14669163346647782,mid,cold,moderate,neutral,0
2001-05-07,2001,5,19,-49.20129443519651,-61.93781497540165,3944142.1791355,7,112.3957874893204,8.093053020242325,563448.8827336428,0.2862132787704468,0.0164,8.193450790171966,8.339895490379334,8.747423156055115,114.11978710521927,115.24126598510425,114.5553893829115,0.4302023410797119,0.01672,0.7485107481711013,-0.6631226582407951,13.24183366926022,Medium,909.625067402959,961.1001144947762,935.0348598315153,1002.0644657389903,3.5878425643213214,49.57706241578162,0.13944305259914244,mid,cold,moderate,neutral,0
2001-05-14,2001,5,20,-49.13490739729423,-61.949359367330864,3583366.0797429997,7,113.82960284711432,7.8917024825543605,511909.4399632857,0.2862132787704468,0.0164,7.992377751398342,8.092868020966097,8.435938010076402,113.11269516821736,114.02305901918429,114.98410591424688,0.39420507550239564,0.01664,0.6631226582407952,-0.7485107481711012,13.145904966776262,Medium,898.309359376749,922.7735679890865,904.0393882631631,969.998789636646,3.190249649235864,44.948468589671656,0.13466532386887586,mid,cold,moderate,neutral,0
2001-05-21,2001,5,21,-49.01635132824779,-61.40783024024548,1793713.878216497,7,117.01929240004016,7.778895362748442,256244.83974521383,0.2862132787704468,0.0164,7.835298922651401,7.921216955181709,8.13805686328816,115.42444762357724,114.41489424549161,115.31453864049345,0.35820780992507933,0.01656,0.5680647467311558,-0.8229838658936564,12.453892574166238,Medium,910.2808310027764,906.3052002227103,904.3850501126478,938.4362726201755,2.8374417774570455,40.98430869048711,0.1311753527778091,mid,cold,moderate,neutral,0
2001-05-28,2001,5,22,-45.93684221067177,-59.93685902852041,185257.26775818,7,98.27945107790647,8.332269449060437,26465.32396545429,0.2862132787704468,0.0164,8.05558240590444,8.000955764787747,8.077953774941435,107.64937173897331,109.7094487750203,111.4735841070999,0.3222105443477631,0.01648,0.46472317204376906,-0.8854560256532096,10.183628410112542,Low,818.8908676868699,877.7804466281848,867.1783849871401,900.4784595441992,2.5779923122746333,35.34954120989232,0.1318557510037021,mid,cold,moderate,neutral,0
2001-06-04,2001,6,23,-44.125659575408164,-59.993071434826525,31089.4680165,7,90.94626711444072,9.36273588141721,4441.352573785714,0.292995423,0.0172,8.847502665238824,8.491300231075362,8.291731239204555,94.6128590961736,102.08167019746246,106.49408018576442,0.2875697076163574,0.01656,0.35460488704253584,-0.9350162426854147,8.39893937428643,Low,851.5058783933281,866.8061097362719,837.0875230192612,883.0202914666577,2.44184072473305,29.355596051673707,0.14061593182660798,mid,cold,low,neutral,0
2001-06-11,2001,6,24,-42.70223363644898,-60.651892707428566,147824.7956839,7,79.8579307672436,10.493877551020407,21117.827954842858,0.292995423,0.0172,9.92830671621881,9.396294293832685,8.77189614536017,85.40209894084217,89.69454965319693,99.98650884134905,0.28892613646226806,0.016720000000000002,0.23931566428755768,-0.970941817426052,9.957920241765304,Low,838.0193469493196,842.7963850942268,847.8982324935465,877.0712714934502,2.7148350073795333,25.915099693021254,0.15710604059288252,shallow,cold,low,neutral,1
2001-06-18,2001,6,25,-39.66295130429989,-58.0020420979932,659359.5672231,7,77.32662569247108,10.792488662131518,94194.22388901429,0.292995423,0.0172,10.643183106575963,10.21636736485638,9.352053381275603,78.59227822985734,82.71027452471847,92.6859134104204,0.2902825653081787,0.01688,0.12053668025532308,-0.992708874098054,11.453124757474555,Low,834.5467310668819,844.9985493926458,836.4720079633355,866.8036099065398,2.9656333268012673,24.009350666378978,0.17245228111877567,shallow,cold,low,neutral,1
2001-06-25,2001,6,26,-41.12498208351852,-60.04490899296297,703998.6306345,6,75.50761837787155,10.924074074074076,117333.10510574999,0.292995423,0.0172,10.858281368102798,10.736813429075333,9.98108912354073,76.41712203517132,77.56405827919541,84.38357860598668,0.29163899415408934,0.01704,-3.216245299353273e-16,-1.0,11.672780743504838,Low,824.8508163167859,832.7908225456471,829.7586123985385,842.2400186296579,3.131273468875649,22.620703939053715,0.18295530083144368,shallow,cold,low,neutral,1
2001-12-31,2002,1,1,-46.2424280782835,-60.66404955908022,3481647.53826,6,86.74743358821372,13.378807373346381,580274.58971,2.5297675132751465,0.0274,12.151440723710229,11.698456703183993,10.99039670839792,81.12752598304263,79.86055921951879,82.07717510804814,0.7403498410550293,0.01924,0.12053668025532305,0.992708874098054,13.271258424346504,Medium,1160.5772041088694,934.2452943216018,985.816323044204,902.060715142092,8.660950560791411,59.12475232473649,0.22507830696926004,shallow,moderate,moderate,neutral,0
2002-01-07,2002,1,2,-46.41670353974934,-60.68395058324193,5547719.7303682,7,86.14253248069433,13.550882477612992,792531.3900526,2.5297675132751465,0.0274,13.464844925479687,12.617921308344483,11.828026027637074,86.44498303445403,82.7991948155932,81.11642818129886,1.1877042591100586,0.02128,0.23931566428755774,0.970941817426052,13.582988654628481,Medium,1167.3073339698487,1044.7537245774395,1163.968291144646,959.4472237973564,14.986358879036306,98.34095633336352,0.2685093654415706,shallow,moderate,high,neutral,0
2002-01-14,2002,1,3,-46.532282040173996,-60.710025619716085,5803110.8430856,7,88.26132624335915,13.49008031570141,829015.8347265143,2.5297675132751465,0.0274,13.520481396657202,13.473256722220261,12.427266580573276,87.20192936202673,87.05043077075572,82.79710727652197,1.6350586771650881,0.02332,0.3546048870425356,0.9350162426854148,13.627995741182067,Medium,1190.6523797932396,1172.852801554254,1179.0120636918978,1028.9417242256618,22.02956531333909,142.33256218268295,0.3141963467621765,shallow,moderate,high,neutral,0
2002-01-21,2002,1,4,-46.552595291823195,-60.75496136615619,7132242.571599,7,88.27881584479333,12.984490766237824,1018891.7959427143,2.5297675132751465,0.0274,13.237285540969618,13.341817853184075,12.865667001394536,88.27007104407625,87.56089152294895,84.98754530698642,2.0824130952201174,0.02536,0.4647231720437685,0.8854560256532099,13.834227101512132,High,1146.2554691911282,1168.2214657615943,1168.4561351321115,1093.4214571856182,27.78317621151207,182.33794713653705,0.33834850075674816,shallow,moderate,high,neutral,0
2002-01-28,2002,1,5,-46.474016329592175,-60.648197110105706,8361990.2263897,7,88.84542668940723,13.733963841897895,1194570.0323413857,2.5297675132751465,0.0274,13.35922730406786,13.402844974612377,13.4276449549593,88.56212126710028,88.46185625918656,87.65510696929356,2.5297675132751465,0.0274,0.5680647467311558,0.8229838658936564,13.993297710151902,High,1220.1998776703092,1185.640545608321,1183.121508537615,1177.0016548726524,33.906081802237445,223.78793012850585,0.3672379523043791,shallow,moderate,high,neutral,0
2002-02-04,2002,2,6,-46.31779800593716,-60.61816616996849,7791563.8005979,7,90.90966250033772,13.824802567491586,1113080.542942557,2.025611162185669,0.0238,13.77938320469474,13.514419058542435,13.516843993788342,89.87754459487248,89.34463501151276,88.48755275171835,2.428936243057251,0.026680000000000002,0.6631226582407952,0.7485107481711011,13.92264289167423,High,1256.8081355444624,1207.4408381781059,1238.4571284697884,1196.0724459370933,32.825662255157376,217.01242210218516,0.3605647004819122,shallow,moderate,high,neutral,0
2002-02-11,2002,2,7,-46.49718605125073,-60.70696839892994,4226074.2689761,7,95.81307964904919,13.893587177391826,603724.8955680142,2.025611162185669,0.0238,13.859194872441705,13.817451195593769,13.585384933744109,93.36137107469345,91.85605627959804,90.42166218538932,2.3281049728393555,0.02596,0.7485107481711011,0.6631226582407953,13.310875558628542,Medium,1331.1873748384514,1269.2165746630603,1293.9134352825188,1228.4130871374875,32.16847684042695,213.8505414099439,0.35870103303761425,shallow,moderate,high,neutral,0
2002-02-18,2002,2,8,-46.75785742984032,-60.816129167788404,3663530.9623879204,7,102.78928743850561,13.628036540857725,523361.5660554172,2.025611162185669,0.0238,13.760811859124775,13.782142095247046,13.612976178775373,99.3011835437774,96.50400986263084,93.32725442441861,2.22727370262146,0.025240000000000002,0.8229838658936564,0.5680647467311558,13.16802974580287,Medium,1400.8161652206825,1330.0319766879006,1366.464904134338,1270.461691310119,30.696602654535976,214.94084336455967,0.3478612664840355,shallow,moderate,high,neutral,0
2002-02-25,2002,2,9,-46.19418994565926,-60.5546938590942,5474001.49037622,7,101.5149616812398,12.781099881001508,782000.2129108886,2.025611162185669,0.0238,13.204568210929615,13.434241199750351,13.57229800172811,102.1521245598727,100.03910958959818,95.97448359170792,2.1264424324035645,0.02452,0.8854560256532098,0.4647231720437686,13.569611570564467,Medium,1297.4728646639664,1343.9495276349203,1348.8746966422175,1302.5942918686246,28.56714053429332,212.72740753119191,0.32940759421787863,shallow,moderate,high,neutral,0
2002-03-04,2002,3,10,-46.61735029925195,-60.559137547106566,4250016.83444375,7,107.70711659697346,12.085177880472013,607145.2620633928,0.8477460145950317,0.0212,12.43313888073676,12.831438100777083,13.242540809442932,104.61103913910662,104.00378857223961,99.74682157322115,1.7900381326675414,0.023280000000000002,0.9350162426854148,0.35460488704253557,13.31652499993562,Medium,1301.6596630671638,1334.5181753109996,1300.6435780747015,1320.9013552956037,22.968763497354153,186.17074748620158,0.29871587898609053,shallow,moderate,high,neutral,0
2002-03-11,2002,3,11,-46.67667943643873,-60.522766792260526,4367296.770587697,7,112.46162584292844,11.81803945950667,623899.5386553853,0.8477460145950317,0.0212,11.95160866998934,12.22810574032673,12.841188187845948,110.08437121995095,107.2279013737139,104.0572142417393,1.554465103149414,0.022760000000000002,0.970941817426052,0.23931566428755804,13.343746241468253,Medium,1329.0759318920034,1311.1941163110996,1315.6853255026908,1336.218270381178,19.008163650958934,166.6820307693854,0.2783116866498364,mid,moderate,high,neutral,0
2002-03-18,2002,3,12,-47.205280191931216,-60.7227549523331,2587098.54972725,7,119.70740350418178,11.045837300018059,369585.50710389286,0.8477460145950317,0.0212,11.431938379762364,11.649684879998915,12.271638212371196,116.0845146735551,113.2920486480279,108.83607901276582,1.3188920736312866,0.022240000000000003,0.992708874098054,0.120536680255323,12.820140111332448,Medium,1322.2685027148036,1319.8166661590321,1327.0710185927019,1335.5969860977077,15.364677048532815,149.4199849673341,0.2590889917311759,mid,moderate,high,neutral,0
2002-03-25,2002,3,13,-46.3952332944629,-60.21523085364654,3218330.970257841,7,121.7601854498247,10.540340991380038,459761.56717969157,0.8477460145950317,0.0212,10.79308914569905,11.134739250301587,11.654099102475659,120.73379447700324,117.97640493231165,112.63025861502963,1.0833190441131593,0.02172,1.0,-1.6081226496766366e-16,13.03846547690688,Medium,1283.3938738148227,1313.6365066092844,1303.0906066888035,1312.604195837018,12.06247508108599,127.80608621917887,0.24184653651655047,mid,moderate,high,neutral,0
2002-04-01,2002,4,14,-45.361927353821,-59.76870476358848,4272718.05736687,7,118.07458176202495,10.808361779702818,610388.2939095529,0.641165555,0.0188,10.674351385541428,10.798180023700304,11.25955148221592,119.91738360592483,119.84739023867714,115.94218263118667,0.8064299226760253,0.02072,0.992708874098054,-0.12053668025532288,13.321852219333548,Medium,1276.1927966710657,1294.1336951678984,1280.0402898444065,1305.4569742963267,8.707975481554438,96.64852164309983,0.2237382900910703,mid,moderate,moderate,neutral,0
2002-04-08,2002,4,15,-44.607229564364296,-59.508160888924685,4617527.37616276,7,117.33908413424601,10.907298052644878,659646.7680232514,0.641165555,0.0188,10.857829916173849,10.752000274575911,11.023975516650491,117.70683294813549,119.05795044869855,117.86857613864117,0.7651138307570191,0.02024,0.9709418174260521,-0.2393156642875575,13.39946128673044,Medium,1279.8523638765948,1280.111115914852,1278.040772122343,1299.3802975348347,8.226504118381296,91.09288454988311,0.21762048555741645,mid,moderate,moderate,neutral,0
2002-04-15,2002,4,16,-46.28677361826686,-60.477648182104716,1806571.3080441249,7,116.47470233325727,9.888340605740604,258081.61543487498,0.641165555,0.0188,10.39781932919274,10.5346668126961,10.63803574589728,116.90689323375165,117.29612274317607,118.67119143670693,0.7237977388380127,0.019760000000000003,0.9350162426854148,-0.35460488704253545,12.461035027513649,Medium,1151.7415286234977,1235.6755715204652,1215.576754181775,1262.4283765119076,7.624968018441291,84.89866841597683,0.20816501621887498,mid,moderate,moderate,neutral,0
2002-04-22,2002,4,17,-47.191382611036204,-60.950574742618656,2276856.834612701,7,117.06788746284269,9.387997285199715,325265.2620875287,0.641165555,0.0188,9.63816894547016,10.061211981195065,10.30646774293361,116.77129489804997,116.960557976782,118.14328822843913,0.6824816469190064,0.01928,0.8854560256532099,-0.4647231720437685,12.692399393859764,Medium,1099.0330096852329,1176.764967243259,1125.4614682087233,1217.639989170516,6.866592522927247,79.8234342325601,0.19398016699744083,mid,moderate,moderate,neutral,0
2002-04-29,2002,4,18,-47.53818632939083,-60.90736067459089,3679378.73445138,7,125.1577168909581,8.860137593577734,525625.5334930543,0.641165555,0.0188,9.124067439388725,9.378825161506018,9.97042706337315,121.1128021769004,119.56676889568602,118.82279451666582,0.641165555,0.0188,0.8229838658936565,-0.5680647467311557,13.172346227172973,Medium,1108.914592551937,1121.3958205988351,1105.0413748353849,1184.7140061945915,6.013379639924971,76.66209373855928,0.17632191303631314,mid,cold,moderate,neutral,0
2002-05-06,2002,5,19,-48.01208885919193,-61.3566267515712,3083363.9714444,7,127.68170512098416,8.278923097538504,440480.5673492,0.3960715234279632,0.0169,8.56953034555812,8.842352658771985,9.464539326940287,126.41971100597112,123.30243649159497,120.74421918845765,0.5921467486855927,0.01842,0.7485107481711013,-0.6631226582407951,12.995623878647892,Medium,1057.0670176592162,1090.2836271445185,1083.3575497423574,1142.7884110098555,5.235970377623237,73.01313687350974,0.16287613597457995,mid,cold,moderate,neutral,0
2002-05-13,2002,5,20,-48.0253525369238,-61.26160083431914,1441734.375134085,7,129.74523824588726,8.04347867062238,205962.0535905836,0.3960715234279632,0.0169,8.161200884080442,8.394179787246205,8.891775450535787,128.7134716834357,127.52822008594318,123.2254500107859,0.5431279423711853,0.01804,0.6631226582407952,-0.7485107481711012,12.235452080189148,Medium,1043.6030564456132,1070.4948073489097,1050.4564988959182,1095.693031287131,4.5591135957408255,69.26413976953799,0.15143100336192156,mid,cold,moderate,neutral,0
2002-05-20,2002,5,21,-47.590895380788375,-60.78801672826824,689715.5379461499,7,142.41584226580326,7.7787188109768755,98530.79113516428,0.3960715234279632,0.0169,7.911098740799627,8.033706859712586,8.469851091583042,136.08054025584525,133.2809285442249,128.4136779972951,0.4941091360567779,0.01766,0.5680647467311558,-0.8229838658936564,11.498134527738161,Low,1107.8127912141194,1070.7399099146025,1076.5465906653503,1087.6447307595831,3.9695279557859964,65.85532445583212,0.14187526314252427,mid,cold,moderate,neutral,0
2002-05-27,2002,5,22,-46.12930531913492,-59.94438257952494,290822.80719248,7,161.93854875283446,8.04922902494331,41546.115313211434,0.3960715234279632,0.0169,7.913973917960093,7.957142168847521,8.20209743953176,152.17719550931884,144.69987642150832,137.38781025529346,0.44509032974237056,0.017279999999999997,0.46472317204376906,-0.8854560256532096,10.634583371019321,Low,1303.4804668785125,1151.397488500609,1204.326356169063,1126.8682067178179,3.5416470317392648,64.40451571012942,0.13749941667768514,mid,cold,moderate,neutral,1
2002-06-03,2002,6,23,-46.69404872021429,-60.78082476752381,97697.3176158,7,140.9857142857143,7.491904761904762,13956.7596594,0.3168971240520477,0.0184,7.7705668934240375,7.773284199274983,7.928450873197167,151.46213151927435,148.44670176811735,140.5534097342447,0.3802366435527801,0.0172,0.35460488704253584,-0.9350162426854147,9.543790880658255,Low,1056.2515442176873,1153.9184012885921,1176.9466247911107,1114.3708041383115,2.955687493314179,56.44487562678949,0.1337004882275297,mid,cold,moderate,neutral,1
2002-06-10,2002,6,24,-46.70435667261905,-60.863399996666665,44295.149729,7,146.42857142857142,7.045238095238095,6327.878532714285,0.3168971240520477,0.0184,7.268571428571429,7.5287906273620555,7.681713872737085,143.70714285714286,149.78427815570674,144.30278299576216,0.364401763677597,0.017499999999999998,0.23931566428755768,-0.970941817426052,8.752878332572537,Low,1031.6241496598639,1127.694469504876,1044.5456326530611,1108.4926900131152,2.743504582970095,54.581655131115305,0.13175383597883597,mid,cold,moderate,neutral,1
2002-12-30,2003,1,1,-45.630208783742745,-60.586699004810654,2983210.0827316,5,82.73457045111402,12.810088206502433,596642.0165463199,1.3530917167663574,0.0324,9.927663150870265,9.115743687881762,8.635035779913096,114.5815709398427,123.38295205513323,134.9006494368075,0.5558058023452759,0.0206,0.12053668025532305,0.992708874098054,13.299074251291728,Medium,1059.8371452058605,1124.7273663887988,1137.5272395883037,1164.871934620346,5.066583234417007,68.57696066273203,0.1877843199703643,mid,cold,moderate,neutral,0
2003-01-06,2003,1,2,-45.633528902221414,-60.599335479166825,2016250.6986393,7,84.27882439656514,12.59889348054342,288035.8140913286,1.3530917167663574,0.0324,12.704490843522926,10.818073260761317,9.599070713826404,83.50669742383957,104.48065542541686,123.27324586295988,0.7472098410129547,0.0237,0.23931566428755774,0.970941817426052,12.570843577658419,Medium,1061.8199312377483,1130.2793847245189,1060.9100727940092,1183.3086041614602,8.08337080123996,78.06897392935504,0.2563883362800432,mid,cold,moderate,neutral,0
2003-01-13,2003,1,3,-45.72022125379887,-60.62614404699123,2476159.7613417,7,85.11723661621934,13.149116123609959,353737.1087631,1.3530917167663574,0.0324,12.874004802076689,12.852699270218602,10.619048133559733,84.69803050639223,84.04354382129951,107.90898343563686,0.9386138796806336,0.0268,0.3546048870425356,0.9350162426854148,12.776312112573464,Medium,1119.2164283874538,1080.1863943386013,1090.4028514657314,1145.8906891465276,12.06372192638833,78.88443672821927,0.3444523404418586,mid,moderate,moderate,neutral,0
2003-01-20,2003,1,4,-45.950552299220746,-60.61613943572225,4189097.8177482,7,85.74235149371383,12.387278655962945,598442.5453926,1.3530917167663574,0.0324,12.768197389786451,12.711762753372108,11.598122912371371,85.42979405496658,85.0461375021661,96.86031087723676,1.1458527982234954,0.029599999999999998,0.4647231720437685,0.8854560256532099,13.302087472703374,Medium,1062.1144005701537,1081.0863230181978,1090.7844734626183,1123.3977908846937,14.565808921304635,97.45035463495718,0.3762681774998144,shallow,moderate,high,neutral,0
2003-01-27,2003,1,5,-45.88876696886929,-60.61693324443456,3735335.274974036,7,85.61604636669789,12.713947647146252,533619.3249962908,1.3530917167663574,0.0324,12.550613151554597,12.750114142239719,12.731864822753002,85.67919893020584,85.49187815887701,84.69780586486203,1.3530917167663574,0.0324,0.5680647467311558,0.8229838658936564,13.187439863182892,Medium,1088.517931261843,1090.0312047601328,1075.326480908104,1078.3610150551997,17.252073833690154,115.67835218757516,0.41310369820856685,shallow,moderate,high,neutral,0
2003-02-03,2003,2,6,-45.929348110613184,-60.62375456611221,2473345.3214078797,7,86.30573860371423,13.574080791553467,353335.0459154114,1.6013638973236084,0.0293,13.14401421934986,12.89176903155422,12.884663339763208,85.96089248520605,85.88804548804198,85.41203949538209,1.4027461528778076,0.03178,0.6631226582407952,0.7485107481711011,12.77517485451259,Medium,1171.5210685815118,1107.2488450034598,1129.8711931335527,1100.5053740605567,18.08387941280194,120.47912538654504,0.40970041982279315,shallow,moderate,high,neutral,0
2003-02-10,2003,2,7,-45.81348024695405,-60.57382038070805,3851315.5145246,7,86.83891911979542,13.533346754851134,550187.9306463714,1.6013638973236084,0.0293,13.5537137732023,13.273791731183616,13.071553994624754,86.57232886175481,86.25356803006918,85.92405844002813,1.4524005889892577,0.03116,0.7485107481711011,0.6631226582407953,13.218017008490458,Medium,1175.2212042646636,1144.9118981026156,1173.3765660717652,1123.1609693361206,19.278862928491822,125.27473300929748,0.41361135034368146,shallow,moderate,high,neutral,0
2003-02-17,2003,2,8,-46.42138449892673,-60.77021292858134,9264683.1092905,7,90.25150324536533,12.254107773504185,1323526.1584700714,1.6013638973236084,0.0293,12.89372726417766,13.120511773302928,12.892552324603596,88.54521118258036,87.79872032295833,86.95091176585734,1.502055025100708,0.03054,0.8229838658936564,0.5680647467311558,14.09581082062846,High,1105.9516474894695,1151.9641436783058,1141.677803537205,1121.0191796133063,19.707730640982664,131.8785090585112,0.40070042955667146,shallow,moderate,high,neutral,0
2003-02-24,2003,2,9,-47.560496774889096,-61.28060576035284,9414625.64870933,7,94.91569497552746,12.027280890958732,1344946.5212441902,1.6013638973236084,0.0293,12.140694332231458,12.604911806438016,12.820552771602754,92.58359911044639,90.6687057802294,88.78558046222005,1.5517094612121582,0.029920000000000002,0.8854560256532098,0.4647231720437686,14.1118655525953,High,1141.5777244312292,1142.8710399636684,1124.029176977786,1138.2802196732746,19.559160907794706,140.69148859504347,0.37713896124862545,shallow,moderate,high,neutral,0
2003-03-03,2003,3,10,-47.64571399757527,-61.25556693923419,17983632.2933688,7,94.4992213122648,11.95448482809758,2569090.3276241147,0.5108428597450256,0.0273,11.990882859528156,12.078624497520167,12.66866020779302,94.7074581438961,93.22213984438586,90.56221545133344,1.383259689807892,0.0289,0.9350162426854148,0.35460488704253557,14.759062825333675,High,1129.6895074445051,1125.99522203565,1135.6260365271241,1147.301935217886,16.70787437574575,128.95042824437311,0.3490722479783328,shallow,moderate,high,neutral,0
2003-03-10,2003,3,11,-47.457999086612105,-60.99110692854673,12214902.7613725,7,95.48404626960554,11.730337577031268,1744986.1087675,0.5108428597450256,0.0273,11.842411202564424,11.904034432029192,12.299911564888578,94.99163379093515,94.96632085246593,92.39787698451171,1.1651554822921752,0.028500000000000004,0.970941817426052,0.23931566428755804,14.372257726066161,High,1120.0600959633462,1130.4823533108863,1124.9299881556678,1136.485715692948,13.870050979873634,110.65052937436839,0.33926498131283206,shallow,moderate,high,neutral,0
2003-03-17,2003,3,12,-47.39918534770734,-60.87087170974361,10972780.961369,7,98.80240672390141,10.711825359111767,1567540.1373384285,0.5108428597450256,0.0273,11.221081468071517,11.46554925474687,11.735607285740707,97.14322649675347,96.26189143525725,94.7905745053329,0.9470512747764588,0.028100000000000003,0.992708874098054,0.120536680255323,14.265018795061549,High,1058.3541258863622,1103.695457606038,1090.0520585913944,1112.4249567843322,10.8584630377203,91.16494699615346,0.3221819340583871,shallow,moderate,moderate,neutral,0
2003-03-24,2003,3,13,-47.76670248746949,-61.1553435611774,11810371.849140039,7,98.75045634520015,10.394317131069245,1687195.978448577,0.5108428597450256,0.0273,10.553071245090505,10.945493355737426,11.363649157253718,98.77643153455077,97.67896977956904,96.49036512529987,0.7289470672607422,0.027700000000000002,1.0,-1.6081226496766366e-16,14.338579117278323,High,1026.4435600898196,1069.1445147175498,1042.3947193199187,1096.4826563392176,7.978685281386737,71.20279855386752,0.3031901659539267,shallow,moderate,moderate,neutral,0
2003-03-31,2003,3,14,-47.836598999148514,-61.26427706217349,11890618.75018738,7,101.74535719710093,10.310304309412361,1698659.8214553401,0.5108428597450256,0.0273,10.352310720240801,10.472148933197792,11.020253840944445,100.24790677115053,99.7660734220675,97.85629756961457,0.5108428597450256,0.0273,0.992708874098054,-0.12053668025532288,14.345350746502222,High,1049.0255947719697,1044.7651793562368,1037.797479948682,1078.4012391521476,5.3496225087105795,50.96478625246116,0.2858896658762997,shallow,moderate,moderate,neutral,0
2003-04-07,2003,4,15,-47.45308548766554,-60.79670307410202,6569344.813024092,7,106.90365348953121,9.944912485038287,938477.8304320133,0.3934377431869507,0.0251,10.127608397225323,10.21651130850663,10.618339372332585,104.32450534331605,102.46648901061076,100.33718400506784,0.48736183643341063,0.026860000000000002,0.9709418174260521,-0.2393156642875575,13.752015577943437,High,1063.1474782842458,1046.8500437198752,1056.5577363513457,1065.4142714299912,4.979137713256499,49.93825625709515,0.2744154937464881,mid,moderate,moderate,neutral,0
2003-04-14,2003,4,16,-47.73029539224208,-60.915424473212845,3762429.052297085,7,112.88620745184657,9.58400024815759,537489.8646138693,0.3934377431869507,0.0251,9.764456366597937,9.946405680869413,10.189071906557851,109.89493047068888,107.17840604615957,103.81761624151606,0.46388081312179563,0.026420000000000006,0.9350162426854148,-0.35460488704253545,13.19466704277416,Medium,1081.9014402320668,1066.03990676405,1073.0642534913557,1057.8051570522355,4.613946754880951,49.718006145790476,0.2627840380885699,mid,moderate,moderate,neutral,0
2003-04-21,2003,4,17,-47.9021096964488,-61.14619851249995,2119065.323265749,7,113.45739522859434,9.20964143947529,302723.61760939274,0.3934377431869507,0.0251,9.396820843816439,9.579518057557054,9.888635122630554,113.17180134022044,111.08241872332404,106.74861394245463,0.4403997898101807,0.025980000000000003,0.8854560256532099,-0.4647231720437685,12.620578818463434,Medium,1044.9019287121885,1064.1160360371964,1063.4551417660366,1055.5980931234865,4.218817739030957,48.92067385735839,0.2488758791353323,mid,cold,moderate,neutral,0
2003-04-28,2003,4,18,-48.0080719027243,-61.38139496583131,1602564.214202802,7,112.74413796135126,9.017534263236413,228937.74488611455,0.3934377431869507,0.0251,9.11358785135585,9.270391983623098,9.613278549063988,113.10076659497278,113.02924688059738,109.54735026568486,0.4169187664985657,0.02554,0.8229838658936565,-0.5680647467311557,12.34120975717874,Medium,1016.6741270455382,1047.825424196846,1030.7537724189776,1053.1091924159075,3.8650003907703336,47.12401418772051,0.2367658112617339,mid,cold,moderate,neutral,0
2003-05-05,2003,5,19,-48.20745870240598,-60.88403167958999,675678.6167870599,7,118.08896827051595,8.819138667757814,96525.5166838657,0.3599892854690552,0.0227,8.918336465497113,9.015438123489838,9.31504542073308,115.4165531159336,114.76350048682052,112.81607248036786,0.38674805164337156,0.02462,0.7485107481711013,-0.6631226582407951,11.477573033879914,Low,1041.4429863101327,1034.6432374740264,1029.323654375815,1050.886839343342,3.486703128971069,44.38456021305096,0.22196008660031982,mid,cold,moderate,neutral,0
2003-05-12,2003,5,20,-46.56558505875683,-60.361719782265354,835302.16322497,7,108.8825945121376,8.872988381320813,119328.88046071,0.3599892854690552,0.0227,8.846063524539312,8.903220437438346,9.100660599989585,113.48578139132675,113.23856691466828,113.21186068488915,0.3800583600997925,0.02414,0.6631226582407952,-0.7485107481711012,11.689647041617704,Low,966.1139960342622,1008.1879232609044,1003.9024313196578,1030.3027199864805,3.383743359059775,43.037264041639446,0.2149237413597617,mid,cold,moderate,neutral,0
2003-05-19,2003,5,21,-46.5097477925578,-60.699716898864104,565061.83719204,7,104.16662361091984,8.555544043253347,80723.11959886286,0.3599892854690552,0.0227,8.714266212287079,8.749223697443993,8.894969359008735,106.52460906152871,110.37939546452446,111.4679439167038,0.37336866855621337,0.023660000000000004,0.5680647467311558,-0.8229838658936564,11.298792689402406,Low,891.2021361402187,965.7340225077594,928.2838015219696,991.5039456507844,3.266686002815134,41.21220792062923,0.20700663268152492,mid,cold,moderate,neutral,0
2003-05-26,2003,5,22,-46.424637219500006,-60.502197315800004,132217.79219784,5,100.28926171204316,8.316111111111113,26443.558439567998,0.3599892854690552,0.0227,8.435827577182229,8.581547845228423,8.716263293335901,102.22794266148148,104.44615994503353,108.83431721339358,0.3666789770126343,0.02318,0.46472317204376906,-0.8854560256532096,10.182805686085883,Low,834.0166436486523,896.3097188186857,862.3772978623291,948.628564182378,3.1466731850733343,38.298211081542874,0.19892027905239484,mid,cold,moderate,neutral,0
2003-12-29,2004,1,1,-46.10543913,-60.371049705000004,19463.664194999998,2,90.0,15.5,9731.832097499999,3.755448818206787,0.0332,11.908055555555556,10.790551718121487,10.012756440688618,95.14463085602156,98.15196177432101,104.28548962112332,1.0390811920166017,0.0248,0.12053668025532305,0.992708874098054,9.183260201532809,Low,1395.0,1059.113819760894,1132.9875500463302,1044.1852078742686,11.212259341782463,101.98785743922939,0.26760568260941286,mid,moderate,high,neutral,0
2004-01-05,2004,1,2,-46.09261776,-60.20534999142858,37937.379461,7,90.0,15.314285714285715,5419.625637285714,3.755448818206787,0.0332,15.407142857142857,13.04346560846561,11.311785849994198,90.0,93.42975390401439,98.66769596702012,1.718173098564148,0.0269,0.23931566428755774,0.970941817426052,8.597966519190027,Low,1378.2857142857144,1218.6477818544172,1386.642857142857,1116.1078470912678,22.410931720512256,160.5284897633462,0.3508692248677249,shallow,moderate,high,neutral,0
2004-01-12,2004,1,3,-45.43193677674772,-60.32251335043693,514304.79119913,7,89.93401722391084,14.755711749746707,73472.11302844714,3.755448818206787,0.0332,15.03499873201621,15.189999154677473,12.488330523679377,89.9670086119554,89.9780057413036,94.87798050937478,2.397265005111694,0.029000000000000005,0.3546048870425356,0.9350162426854148,11.20467480915328,Low,1327.040434652784,1366.7658311499665,1352.6538604040409,1184.867580020282,36.414453401184524,215.70112439336623,0.4405099754856468,shallow,moderate,high,neutral,1
2004-01-19,2004,1,4,-45.692840777993815,-60.60758463487741,1819899.36990047,7,88.84993922810398,13.418829486671147,259985.6242714957,3.755448818206787,0.0332,14.087270618208926,14.496275650234523,13.460987612362937,89.3919782260074,89.5946521506716,91.8146436328116,3.0763569116592406,0.0311,0.4647231720437685,0.8854560256532099,12.468385463568534,Medium,1192.2621844030211,1298.7887743630129,1259.288988366806,1235.9157805747946,44.59571778991653,275.62512739142403,0.45083417272229365,shallow,moderate,very_high,neutral,1
2004-01-26,2004,1,5,-45.48882388519132,-60.53909333184897,888006.80364808,7,89.58118375538852,14.437787231763677,126858.11480686857,3.755448818206787,0.0332,13.92830835921741,14.204109489393844,14.68532283649345,89.21556149174623,89.4550467358011,89.67302804148066,3.755448818206787,0.0332,0.5680647467311558,0.8229838658936564,11.750832417454799,Low,1293.3540710298241,1270.6292782141622,1242.621850897764,1316.8773665150734,53.34280619562392,335.94384954659716,0.4715764350478756,shallow,moderate,very_high,neutral,1
2004-02-02,2004,2,6,-46.03423402722866,-60.68643088381136,803623.370768919,7,92.73157282081151,15.67171390571062,114803.33868127414,1.867781878,0.03,15.054750568737148,14.509443541381813,14.719665617635574,91.1563782881,90.38756526810134,90.21934260564298,3.3779154301654293,0.03256,0.6631226582407952,0.7485107481711011,11.650984555553052,Low,1453.2626792743288,1311.4732751004801,1372.3365378767921,1327.9985553979673,49.01167322154776,305.32155141420435,0.4724274817073918,shallow,moderate,very_high,neutral,1
2004-02-09,2004,2,7,-46.003779959348726,-60.6275978681453,325413.811938944,7,92.95028850462124,15.225685611758582,46487.68741984914,1.867781878,0.03,15.4486997587346,15.11172891641096,14.701945597130145,92.84093066271636,91.75434836027375,90.80940030656723,3.0003820421240723,0.03192,0.7485107481711011,0.6631226582407953,10.746964280705697,Low,1415.2318702936207,1386.5668393223934,1434.271663129802,1335.074863015165,45.34096006624652,275.2980991069617,0.4823663870118378,shallow,moderate,very_high,neutral,1
2004-02-16,2004,2,8,-46.08392862780152,-60.68729942388703,261581.392313352,7,99.11782506512971,14.532701497555147,37368.77033047886,1.867781878,0.03,14.879193554656863,15.143367005008116,14.657343546691834,96.03405678487546,94.93322879685415,92.64616187481099,2.622848654082715,0.03128,0.8229838658936564,0.5680647467311558,10.528617376661309,Low,1440.4497647584196,1437.6087246411676,1428.9093187410701,1357.946622881528,39.71875976736613,248.99549137755534,0.4736845199166539,shallow,moderate,high,neutral,1
2004-02-23,2004,2,9,-46.47151619119591,-60.783004198916785,267454.303968723,7,104.63607338443587,14.786310092798585,38207.75770981757,1.867781878,0.03,14.659505795176866,14.848232400704106,14.930839667917322,101.87694922478278,98.90139565139562,95.80338870607737,2.245315266041357,0.03064,0.8854560256532098,0.4647231720437686,10.550820027764221,Low,1547.1814279550977,1468.5109073859085,1493.4657275556424,1430.4250364136024,33.33896288303084,222.06481348887488,0.45494984075757383,shallow,moderate,high,neutral,1
2004-03-01,2004,3,10,-46.30128715768093,-60.60103625317153,362012.426379755,7,109.2113545132969,14.688734990756823,51716.06091139357,1.0295939445495603,0.0293,14.737522541777704,14.669248860370184,14.98102921971595,106.92371394886638,104.32175098762082,99.72942285765905,1.7001442913099118,0.029859999999999998,0.9350162426854148,0.35460488704253557,10.853543004364541,Low,1604.1766444274122,1530.3217267869788,1575.7906445720093,1494.0493978959978,24.939839707762797,177.3620294010577,0.43802377097065365,shallow,moderate,high,neutral,1
2004-03-08,2004,3,11,-46.90163087634532,-60.60006643324385,750733.4062992331,7,115.84327665189791,14.106491691224198,107247.62947131901,1.0295939445495603,0.0293,14.39761334099051,14.527178924926536,14.667984776818667,112.5273155825974,109.89690151654356,104.35176362387634,1.5325067046198242,0.029720000000000003,0.970941817426052,0.23931566428755804,11.582905057895736,Low,1634.142219574184,1596.4919516258587,1620.1247800578535,1530.630080269198,22.262999101661727,168.41773839104755,0.43174775764881673,mid,moderate,high,neutral,1
2004-03-15,2004,3,12,-46.8963610770417,-60.5625904744518,989108.8059775,7,122.02137695534658,14.096455194956734,141301.25799678572,1.0295939445495603,0.0293,14.101473443090466,14.297227292312584,14.442138693458299,118.93232680362223,115.69200270684712,110.16598131402141,1.364869117929736,0.029580000000000002,0.992708874098054,0.120536680255323,11.858656548713272,Low,1720.0688730779693,1654.074858602636,1677.1210479462354,1591.0323814380324,19.513844003299624,157.90444168601906,0.4229119833066063,mid,moderate,high,neutral,1
2004-03-22,2004,3,13,-47.23439722493778,-60.41597115105547,959401.6790762501,7,120.50991740771403,13.832602521175003,137057.38272517858,1.0295939445495603,0.0293,13.964528858065869,14.011849802451978,14.302118898182268,121.26564718153028,119.45819033831951,114.44439978253827,1.1972315312396482,0.02944,1.0,-1.6081226496766366e-16,11.828162265319566,Low,1666.9657873605365,1673.830220693253,1693.4176295585137,1636.7974129209672,16.775428394489545,143.01911213786363,0.41250885818418626,mid,moderate,high,neutral,1
2004-03-29,2004,3,14,-45.67862443082778,-59.78450280662287,924884.006564412,7,114.63156498954815,13.934722038684793,132126.28665205886,1.0295939445495603,0.0293,13.883662279929897,13.954593251605509,14.131801287359512,117.57074119863108,119.0542864508696,116.4434981035607,1.0295939445495603,0.0293,0.992708874098054,-0.12053668025532288,11.791521029763054,Low,1597.3589949887848,1661.354142282014,1632.3124648028343,1645.556376404544,14.36756471050519,122.57757240248411,0.4088695822720414,mid,moderate,high,neutral,1
2004-04-05,2004,4,15,-46.212210455852706,-60.29224258407679,364927.19705721503,7,118.4704118738639,13.387079687131244,52132.45672245929,0.7543367743492126,0.0239,13.660900862908019,13.718134748997015,13.871470226634395,116.550988431706,117.87063142370869,118.29530957567411,0.9745425105094908,0.028220000000000002,0.9709418174260521,-0.2393156642875575,10.86156218524071,Low,1585.9728443226754,1616.9652048197977,1592.191498439475,1640.929864729462,13.368905477795034,114.86994106299994,0.3871257626166958,mid,moderate,moderate,neutral,0
2004-04-12,2004,4,16,-46.57956843397426,-60.44918651875833,300549.243370845,7,120.42604140302244,12.885802812948961,42935.606195835,0.7543367743492126,0.0239,13.136441250040102,13.402534846255,13.627332450979347,119.44822663844315,117.84267275547818,119.21186252589902,0.9194910764694212,0.027139999999999997,0.9350162426854148,-0.35460488704253545,10.667480032371564,Low,1551.7862230633746,1579.3905279811208,1569.1246116573834,1624.5396827408724,12.323511193201938,108.35528602596835,0.3637447957273607,mid,moderate,moderate,neutral,0
2004-04-19,2004,4,17,-46.31496696976338,-60.482377784181665,121447.992363189,7,119.75291560728623,12.089413400930573,17349.713194741285,0.7543367743492126,0.0239,12.487608106939767,12.787431967003593,13.225924092174116,120.08947850515432,119.54978962805751,118.75817025628696,0.8644396424293517,0.02606,0.8854560256532099,-0.4647231720437685,9.761388890912944,Low,1447.7425027432341,1528.7348015383773,1499.630345339134,1570.6865451351412,11.053963117146248,103.34357739858226,0.3332404770601136,mid,moderate,moderate,neutral,0
2004-04-26,2004,4,18,-47.50646198003402,-60.43712324833333,6350.268312304001,7,146.63945578231292,10.992855781733835,907.181187472,0.7543367743492126,0.0239,11.541134591332202,11.989357331871124,12.657974744285882,133.19618569479957,128.93947093087385,123.98407793120673,0.8093882083892823,0.024980000000000002,0.8229838658936565,-0.5680647467311557,6.811443905469814,Low,1611.9863893269016,1545.901391172656,1537.2351061557588,1569.3873271467874,9.704044450582074,104.36208736740193,0.2994941461501407,mid,moderate,moderate,neutral,0
2004-05-03,2004,5,19,-47.18776257,-60.409929076666664,7639.201843190001,3,130.0,10.066666466666666,2546.4006143966667,0.4063948392868042,0.022,10.529761124200249,11.049645216443691,11.884363629882255,138.31972789115645,132.1307904631997,127.05776493329708,0.6847483873367309,0.023520000000000003,0.7485107481711013,-0.6631226582407951,7.842828751733971,Low,1308.6666406666666,1459.9983567866184,1456.473693458256,1510.000680467405,7.566226742602841,90.4763456872035,0.25988765549075565,mid,moderate,moderate,neutral,0
2004-05-10,2004,5,20,-46.18464286,-60.54968555,27.34566166,1,100.0,12.2,27.34566166,0.4063948392868042,0.022,11.133333233333332,11.0865074161335,11.646947692456006,114.99999999999999,125.54648526077098,123.3636825585243,0.6151600003242492,0.02314,0.6631226582407952,-0.7485107481711012,3.344474025876608,Low,1220.0,1391.8720399130327,1280.333321833333,1436.81035790788,6.819975905703475,77.23117591372423,0.2565417816093292,mid,moderate,moderate,neutral,0
2004-05-17,2004,5,21,-45.86652284,-60.59387771,0.0,1,150.0,11.3,0.0,0.4063948392868042,0.022,11.75,11.188888822222223,11.329787129866215,124.99999999999999,126.66666666666667,129.27847427791986,0.5455716133117676,0.02276,0.5680647467311558,-0.8229838658936564,9.999995000003334e-07,Low,1695.0,1417.259250814815,1468.7499999999998,1464.697594042717,6.1043401259057815,69.10573768615724,0.2546591095937778,mid,moderate,moderate,neutral,0
2004-05-24,2004,5,22,-45.673446635000005,-60.243698785,231.14125439999998,2,150.0,11.65,115.57062719999999,0.4063948392868042,0.022,11.475,11.716666666666667,11.241904449680101,150.0,133.33333333333334,135.3278911564626,0.4759832262992859,0.02238,0.46472317204376906,-0.8854560256532096,4.75849733995385,Low,1747.5,1562.2222222222224,1721.25,1521.3432217576615,5.5769368014733,63.46443017323813,0.26221900000000004,mid,moderate,moderate,neutral,1
2004-06-14,2004,6,25,-45.903293966666666,-60.62029250999999,84.20491446,3,150.0,12.200000000000001,28.068304819999998,0.3336323201656341,0.0238,11.925,11.716666666666669,11.483333293333335,150.0,150.0,136.0,0.3918423354625702,0.022359999999999998,0.12053668025532308,-0.992708874098054,3.3696484335467134,Low,1830.0000000000002,1757.5000000000002,1788.75,1561.7333278933336,4.5910860305031145,58.77635031938553,0.2619846666666667,mid,moderate,moderate,neutral,1
2004-06-21,2004,6,26,-45.41893582,-60.46134018,29.89587008,1,150.0,12.1,29.89587008,0.3336323201656341,0.0238,12.149999999999999,11.983333333333334,11.89,150.0,150.0,140.0,0.3772898316383362,0.02272,-3.216245299353273e-16,-1.0,3.4306225529690115,Low,1815.0,1797.5000000000002,1822.4999999999998,1664.6000000000001,4.521189815799396,56.59347474575043,0.27226133333333336,mid,moderate,moderate,neutral,1
2004-12-27,2005,1,53,-45.0559387275,-60.1359221775,77673.80267,2,85.0,13.725,38836.901335,0.7983762621879578,0.036,12.912499999999998,12.674999999999999,12.195,117.49999999999999,128.33333333333334,137.0,0.4556861162185669,0.025519999999999998,0.12053668025532314,0.992708874098054,10.56715188737176,Low,1166.625,1626.625,1517.2187499999995,1670.7150000000001,5.775821523070335,58.47971824804942,0.3234659999999999,mid,moderate,moderate,neutral,1
2005-01-03,2005,1,1,-45.297091011350645,-60.17015685815584,725313.2883520001,7,82.98961038961038,14.026623376623377,103616.18405028572,0.7983762621879578,0.036,13.875811688311687,13.283874458874458,12.740324675324675,83.99480519480517,105.9965367965368,123.59792207792206,0.5340824007987977,0.02832,0.12053668025532305,0.992708874098054,11.548458464273645,Low,1164.064009107775,1408.0446878806617,1165.4960996795407,1574.677656468207,7.094683562905499,56.610884848652475,0.37619932467532463,mid,moderate,moderate,neutral,1
2005-01-10,2005,1,2,-45.55402151756078,-60.35911760921541,910458.4225934,7,82.65214047157325,14.592881049855839,130065.48894191429,0.7983762621879578,0.036,14.309752213239607,14.114834808826407,13.328900885295843,82.8208754305918,83.5472502870612,110.12835017223672,0.6124786853790283,0.031120000000000002,0.23931566428755774,0.970941817426052,11.775801052097037,Low,1206.132854417644,1179.2556365335436,1185.1462054953527,1467.8898641068965,8.645035468052146,51.17091002285189,0.43925365925067783,mid,moderate,moderate,neutral,0
2005-01-17,2005,1,3,-45.623432251071584,-60.52082007698639,433201.45496223,7,86.26555664573523,13.715490188383045,61885.92213746143,0.7983762621879578,0.036,14.154185619119442,14.111664871620754,13.631998922972452,84.45884855865422,83.96910250230628,97.38146150138377,0.705427473783493,0.03355999999999999,0.3546048870425356,0.9350162426854148,11.033064162336027,Low,1183.1743957699834,1184.9438340833178,1195.4462196762904,1327.503978304347,9.954756101266689,59.234111854069106,0.4735874730915924,shallow,moderate,moderate,neutral,0
2005-01-24,2005,1,4,-45.64281998321128,-60.554732972428305,864927.5865093,7,90.88524901520145,13.516188674085637,123561.08378704287,0.7983762621879578,0.036,13.61583943123434,13.94151997077484,13.915236657789581,88.57540283046833,86.60098204416998,85.55851130442406,0.7983762621879578,0.036,0.4647231720437685,0.8854560256532099,11.724499011474666,Low,1228.4221733807187,1207.349320657509,1206.0284624965566,1190.5669328892259,11.130578603485983,69.14016834623088,0.5018947189478942,shallow,moderate,moderate,neutral,0
2005-01-31,2005,1,5,-45.55314872766435,-60.505202617355685,1071174.7233995101,7,93.76957460123637,13.715444772219673,153024.96048564432,0.7983762621879578,0.036,13.615816723152655,13.649041211562784,13.913325612233516,92.3274118082189,90.30679342072436,87.31242622467133,0.7983762621879578,0.036,0.5680647467311558,0.8229838658936564,11.938362862364459,Low,1286.09142175779,1232.6011450835535,1257.1131177037487,1214.8062160579689,10.89707050493689,72.09880018141797,0.4913654836162602,shallow,moderate,moderate,neutral,0
2005-02-07,2005,2,6,-45.93827867807108,-60.68620577834177,1064066.92326853,7,99.99842524416889,14.12438332584434,152009.56046693286,0.9151703715324402,0.0322,13.919914049032005,13.785338924049883,13.932877602077706,96.88399992270261,94.8844162868689,90.71418919558303,0.8217350840568542,0.035239999999999994,0.6631226582407952,0.7485107481711011,11.93170527417773,Low,1412.4160901294308,1308.0138371251264,1348.6169516504438,1263.9096948337783,11.327896639506356,77.96985379317576,0.4857953436835178,shallow,moderate,moderate,neutral,0
2005-02-14,2005,2,7,-46.3567265545047,-60.75019298413694,1248010.133346491,7,106.32000143256164,14.236436833981985,178287.1619066416,0.9151703715324402,0.0322,14.180410079913162,14.025421644015331,13.861588758902936,103.15921333836525,100.0293337593223,95.44776138778073,0.8450939059257507,0.03448,0.7485107481711011,0.6631226582407953,12.09115640741059,Low,1513.617984583538,1402.9535827444324,1462.8399486592668,1323.0576163153112,11.85279835939648,84.53418037381624,0.4835965382856486,shallow,moderate,moderate,neutral,0
2005-02-21,2005,2,8,-46.226597302996105,-60.759967218827114,2160621.12279954,7,106.2101095544244,14.588224251578337,308660.1603999343,0.9151703715324402,0.0322,14.412330542780161,14.316348137134888,14.036135571541996,106.26505549349301,104.17617874371831,99.43667196951854,0.8684527277946472,0.03372,0.8229838658936564,0.5680647467311558,12.63999938592723,Medium,1549.416895964646,1491.4224424914628,1531.527104919098,1395.7066085471122,12.43307159175261,90.47208660120491,0.4827472591841884,shallow,moderate,moderate,neutral,0
2005-02-28,2005,2,9,-46.64949538794381,-60.88850569322941,3908193.05699367,7,109.90087483114526,13.61022431218144,558313.2938562386,0.9151703715324402,0.0322,14.099224281879888,14.144961799247255,14.054942699161154,108.05549219278481,107.47699527271044,103.23979713270731,0.8918115496635437,0.03296,0.8854560256532098,0.4647231720437686,13.232677333437557,Medium,1495.7755585568625,1520.257992430367,1523.4986193149944,1451.0294329732233,12.614640302118323,95.84922570733725,0.4662179409031896,mid,moderate,moderate,neutral,0
2005-03-07,2005,3,10,-47.147313545506464,-60.98032253309641,3611592.1271565603,7,113.9986651873932,12.811720211807875,515941.7324509372,0.8614974617958069,0.0315,13.210972261994657,13.670056258522552,13.874197787078796,111.94977000926922,110.0365498576543,107.28561524993867,0.9044357895851135,0.03206,0.9350162426854148,0.35460488704253557,13.153751054684285,Medium,1460.5190029004443,1504.2058270478558,1478.9653063291369,1488.5018456860862,12.363688125849766,99.52099385372927,0.438262003648233,mid,moderate,moderate,neutral,0
2005-03-14,2005,3,11,-47.49538089622634,-61.07830689756712,4580273.93274227,7,125.08583842285154,12.361796792339495,654324.84753461,0.8614974617958069,0.0315,12.586758502073685,12.927913772109605,13.521680480377828,119.54225180512236,116.32845948046332,112.3030978856752,0.8937012076377868,0.03192,0.970941817426052,0.23931566428755804,13.391360744182117,Medium,1546.2857161827026,1503.884293405776,1504.6494542651571,1518.526606566695,11.55369215037153,103.96288472033342,0.41265900760573854,mid,moderate,moderate,neutral,0
2005-03-21,2005,3,12,-47.25267062882581,-60.75996410816024,3315279.656628868,7,140.26993091697608,11.824591031350128,473611.3795184097,0.8614974617958069,0.0315,12.09319391184481,12.332702678499166,13.039311319851455,132.6778846699138,126.45147817574026,119.0930837825581,0.8829666256904602,0.03178,0.992708874098054,0.120536680255323,13.068144501398253,Medium,1658.6345670889773,1559.4884835981306,1604.4993871266495,1552.8917954819276,10.88936486967811,111.65243499840426,0.39193329112270353,mid,moderate,moderate,neutral,0
2005-03-28,2005,3,13,-45.71800997441473,-60.25567462083158,4748989.12335266,7,125.79989511393545,12.004040941218866,678427.0176218086,0.8614974617958069,0.0315,11.914315986284496,12.063476254969496,12.522474657779561,133.03491301545574,130.38522148458767,123.01104089446031,0.8722320437431336,0.03164,1.0,-1.6081226496766366e-16,13.42753366216895,Medium,1510.1070913487204,1572.899023378262,1585.0199908740117,1540.4026422279644,10.522150548518807,113.72616820940304,0.38168838870723487,mid,moderate,moderate,neutral,0
2005-04-04,2005,4,14,-46.530356816264884,-60.59236554628807,2896196.62034238,7,138.0848753905377,11.392631150964077,413742.3743346257,0.530276895,0.0282,11.69833604609147,11.74042104117769,12.07895602553609,131.94238525223656,134.71823380714974,128.64784100633878,0.7952533484366455,0.03084,0.992708874098054,-0.12053668025532288,12.933001191854858,Medium,1573.1500528512324,1581.6487868197564,1543.5063614035264,1553.9316142957248,9.336609145052606,107.13512653060674,0.36207458490991995,mid,moderate,moderate,neutral,0
2005-04-11,2005,4,15,-46.42789828790661,-60.63550741549939,1728545.03351741,7,128.63277907698458,10.862621209097904,246935.00478820145,0.530276895,0.0282,11.12762618003099,11.419764433760283,11.689136224994094,133.35882723376113,130.83918319381925,131.57466378425707,0.729009235077484,0.030179999999999995,0.9709418174260521,-0.2393156642875575,12.41688449211826,Medium,1397.2891541868578,1494.1526507790234,1483.9671772646302,1537.9941687319779,8.325113734620642,95.38297285828898,0.3446484906108853,mid,moderate,moderate,neutral,0
2005-04-18,2005,4,16,-46.153838356010205,-60.60334336605951,752485.7783077899,7,117.3148292858779,10.430651872981676,107497.96832968427,0.530276895,0.0282,10.64663654103979,10.895301411014552,11.30290724112253,122.97380418143123,128.01082791780004,130.02046195686233,0.6627651217183227,0.029519999999999998,0.9350162426854148,-0.35460488704253545,11.585236529579937,Low,1223.6701438192679,1394.7165540379478,1309.2573971886975,1469.6092209463156,7.221025765828872,84.84111194620401,0.32162929765314957,mid,moderate,moderate,neutral,0
2005-04-25,2005,4,17,-46.22908437618731,-60.60896347285917,306069.984276031,7,122.68543626451343,9.683913248634733,43724.28346800443,0.530276895,0.0282,10.057282560808204,10.32572877690477,10.874771684579452,120.00013277519567,122.87768154245863,126.5035630263698,0.5965210083591613,0.028859999999999997,0.8854560256532099,-0.4647231720437685,10.685681782861888,Low,1188.0751216564536,1268.8016123423051,1206.8752426546444,1375.6973651975784,6.159514142042442,73.29911849854334,0.2980005325014716,mid,moderate,moderate,neutral,0
2005-05-02,2005,5,18,-46.4658603681205,-60.70817435143382,299254.025124982,7,121.4813175270108,9.465223612597539,42750.57501785457,0.4792906045913696,0.0282,9.574568430616136,9.859929578071316,10.367008218855185,122.08337689576211,120.49386102580071,125.63984750898487,0.5200796369182739,0.0282,0.8229838658936565,-0.5680647467311557,10.663161316232543,Low,1149.847835146122,1188.060984304307,1168.8956463291752,1302.5093317413582,5.12794859500308,62.66640349317938,0.2780500141016111,mid,moderate,moderate,neutral,0
2005-05-09,2005,5,19,-46.59803736767348,-60.7403891379983,192795.7264251,7,122.75,9.147664376201813,27542.246632157145,0.4792906045913696,0.0282,9.306443994399675,9.432267079144696,9.918014863902732,122.1156587635054,122.30558459717474,122.57287243087735,0.5098823788365479,0.0282,0.7485107481711013,-0.6631226582407951,10.223512653248614,Low,1122.8758021787726,1153.618939191478,1136.4625391217849,1215.679570680695,4.809346776135954,62.3614624194021,0.2659899316318804,mid,cold,moderate,neutral,0
2005-05-16,2005,5,20,-46.35458891191326,-60.73062327403061,234953.74504926,7,119.71683673469387,9.208418406887755,33564.82072132286,0.4792906045913696,0.0282,9.178041391544784,9.273768798562369,9.587174303460703,121.23341836734693,121.31605142056821,120.78968396241922,0.49968512075482174,0.0282,0.6631226582407952,-0.7485107481711012,10.421263587804074,Low,1102.4027230021313,1125.0570124288533,1112.6853318139758,1158.031754207645,4.633964281961935,60.619825803584796,0.26152028011945877,mid,cold,moderate,neutral,0
2005-05-23,2005,5,21,-46.34066661907597,-60.70688235975057,150654.40059887,7,121.11281179138322,8.620039760487527,21522.05722841,0.4792906045913696,0.0282,8.91422908368764,8.992040847859032,9.225051880961875,120.41482426303855,121.19321617535904,121.54928046352026,0.48948786267309563,0.0282,0.5680647467311558,-0.8229838658936564,9.976880068749168,Low,1043.997253146166,1089.7743503322386,1073.4053285527145,1121.29841836956,4.401494855687688,59.32260835615494,0.2535755519096247,mid,cold,moderate,neutral,0
2005-05-30,2005,5,22,-46.36951270721769,-60.73020644233503,107179.86301884,7,125.51700680272108,8.685731322517006,15311.40900269143,0.4792906045913696,0.0282,8.652885541502265,8.838063163297429,9.025415495738327,123.31490929705215,122.11555177626606,122.1155945711618,0.4792906045913696,0.0282,0.46472317204376906,-0.8854560256532096,9.636418824653356,Low,1090.2069974949745,1079.264959819557,1067.0297957081257,1102.1439795138629,4.236000636953537,58.52883664085525,0.2492333812049875,mid,cold,moderate,neutral,0
2005-06-06,2005,6,23,-46.395661102738096,-60.70920444,72369.983783,7,125.95238095238095,8.49523810595238,10338.569111857143,0.3716433942317962,0.0279,8.590484714234691,8.600336396318971,8.831418394409297,125.73469387755102,124.19406651549508,123.00980725623583,0.457761162519455,0.02814,0.35460488704253584,-0.9350162426854147,9.243733475323442,Low,1069.9954662020973,1068.1107504600716,1080.1219658040802,1086.3510744954633,3.936899986837352,56.85122026615154,0.24201346619241582,mid,cold,moderate,neutral,0
2005-06-13,2005,6,24,-46.58303699354167,-60.80907397,18114.821272420002,4,132.5,8.26250005,4528.7053181050005,0.3716433942317962,0.0279,8.378869077976189,8.481156492823127,8.654385529168934,129.22619047619048,127.98979591836735,124.95980725623583,0.4362317204475402,0.02808,0.23931566428755768,-0.970941817426052,8.418412165390976,Low,1094.781256625,1085.5014886681681,1082.7693314456135,1081.4503476461066,3.6997494882490587,55.83320887319895,0.2381508743184734,mid,cold,moderate,neutral,0
2005-12-26,2006,1,52,-45.88552968333333,-60.6702584,209533.423668,1,84.11111111111111,12.05185185185185,209533.423668,0.8122027516365051,0.0388,10.157175950925925,9.603196669268078,9.223072218161752,108.30555555555556,114.18783068783068,117.83866213151927,0.5028141498565674,0.030199999999999998,6.432490598706546e-16,1.0,12.2526433183022,Medium,1013.6946502057613,1096.5681953323228,1100.0785842405605,1086.8344909305647,4.828623169163448,57.41525701126724,0.2900165394118959,mid,cold,moderate,neutral,1
2006-01-02,2006,1,1,-45.75418199116174,-60.60928913238167,962602.6148942,7,85.30284432616205,12.292021444840449,137514.6592706,0.8122027516365051,0.0388,12.171936648346149,10.868791115564099,9.957468555032339,84.70697771863658,100.6379851457577,110.67666863847504,0.5693965792655945,0.03232,0.12053668025532305,0.992708874098054,11.831493075215926,Low,1048.5443917630703,1093.8132388404829,1031.0479664641132,1102.059447743349,6.188652481954483,57.302924486176146,0.35127932885503166,mid,cold,moderate,neutral,0
2006-01-09,2006,1,2,-45.63053291708746,-60.58302652957946,962499.8370888401,7,83.30580507503153,12.522306216443212,137499.97672697715,0.8122027516365051,0.0388,12.40716383064183,12.288726504378502,10.724783533817577,84.3043247005968,84.23992017076823,102.23442829293712,0.6359790086746215,0.03444,0.23931566428755774,0.970941817426052,11.831386299539732,Low,1043.1808007568739,1035.2013397292487,1045.977568191929,1096.442113145346,7.815372100128187,53.57482092103444,0.4232237408107956,mid,moderate,moderate,neutral,0
2006-01-16,2006,1,3,-45.83096900644436,-60.61482549442642,2630288.0572226997,7,83.9060697739372,12.278174321390141,375755.43674609996,0.8122027516365051,0.0388,12.400240268916676,12.364167327557935,11.48137077690513,83.60593742448437,84.17157305837692,93.82516605724838,0.7240908801555633,0.03662,0.3546048870425356,0.9350162426854148,12.836696437866634,Medium,1030.2133513071253,1040.7114135175395,1036.7337119716187,1077.2415197079627,8.952780802602085,60.94786841991845,0.45277580753517155,shallow,moderate,moderate,neutral,0
2006-01-23,2006,1,4,-45.95413612251671,-60.62891403828946,5888378.3628727,7,82.83551517465527,12.772912108544434,841196.9089818143,0.8122027516365051,0.0388,12.525543214967286,12.524464215459261,12.383453188614016,83.37079247429624,83.34913000787465,83.89226909217943,0.8122027516365051,0.0388,0.4647231720437685,0.8854560256532099,13.642582237052498,High,1058.0507547918705,1043.9031961732878,1044.2644640028668,1038.8759871896145,10.172404298568955,67.69639273890459,0.48594921155981935,shallow,moderate,moderate,neutral,0
2006-01-30,2006,1,5,-45.88674517988158,-60.59418836305836,3515160.48333612,7,85.2264342950454,12.85364269047084,502165.7833337314,0.8122027516365051,0.0388,12.813277399507637,12.634909706801805,12.543811356337816,84.03097473485033,83.98933974787928,84.11533372896629,0.8122027516365051,0.0388,0.5680647467311558,0.8229838658936564,13.126687581213725,Medium,1095.4701342114035,1061.1977240483548,1076.712189428655,1055.1268784715528,10.262108430543215,68.21637285136084,0.49023449662391005,shallow,moderate,moderate,neutral,0
2006-02-06,2006,2,6,-45.69295083685596,-60.50939121974408,3717976.50196058,7,87.99989010618278,13.0965783950598,531139.5002800828,1.1663743257522583,0.0347,12.975110542765318,12.907711064691691,12.704722746381686,86.61316220061408,85.35394652529448,84.65474288497043,0.8830370664596557,0.03798,0.6631226582407952,0.7485107481711011,13.18278186085775,Medium,1152.4974595322699,1101.7240799796464,1123.8153540114304,1075.515037519777,11.397987313274191,75.37069855045036,0.4902348662369904,shallow,moderate,moderate,neutral,0
2006-02-13,2006,2,7,-46.078522083151235,-60.62370349527343,3438645.5376026,7,91.31057099471036,13.77424168297456,491235.07680037146,1.1663743257522583,0.0347,13.435410039017178,13.241487589501732,12.955109839687955,89.65523055044656,88.17896513197951,86.2556960689062,0.9538713812828064,0.037160000000000006,0.7485107481711011,0.6631226582407953,13.104680099374889,Medium,1257.7338730915474,1167.6206724502126,1204.5547845878693,1117.4520168714205,12.630676057237155,84.11139127052971,0.4920536788258844,shallow,moderate,moderate,neutral,0
2006-02-20,2006,2,8,-45.70791656821429,-60.48649712040052,7937274.8359648,7,92.07934905788547,13.592407494067709,1133896.4051378286,1.1663743257522583,0.0347,13.683324588521135,13.487742524034024,13.217956474223467,91.6949600262979,90.46327005292619,87.89035192569585,1.024705696105957,0.03634,0.8229838658936564,0.5680647467311558,13.941171287518145,High,1251.580034183279,1220.1452943560262,1254.6919011713046,1161.7308462580304,13.820966591988203,92.69822811160492,0.4901445633233964,shallow,moderate,high,neutral,0
2006-02-27,2006,2,9,-46.05417773674569,-60.5096613244976,9702510.7723497,7,94.05649863734808,13.48050185168985,1386072.9674785286,1.1663743257522583,0.0347,13.53645467287878,13.615717009577374,13.359474422852552,93.06792384761678,92.48213956331465,90.1345486182344,1.0955400109291076,0.03552,0.8854560256532098,0.4647231720437686,14.141985824897834,High,1267.9288040442348,1259.2106407343317,1259.8097326621985,1204.1501968806624,14.916562761480032,101.31788418794098,0.48363026818018834,shallow,moderate,high,neutral,0
2006-03-06,2006,3,10,-46.34817140258873,-60.61738549528279,10439665.9444482,7,97.46800664416932,12.993697006618117,1491380.8492068856,0.8556961417198181,0.0319,13.237099429153982,13.35553545079189,13.387485286082006,95.7622526407587,94.53461811313429,92.58286308805921,1.1042386889457703,0.034140000000000004,0.9350162426854148,0.35460488704253557,14.215213663713284,High,1266.4697461733776,1262.560443537038,1267.6144597654866,1239.4517173347376,14.747698956351194,104.38878276523647,0.4559579802900352,shallow,moderate,high,neutral,0
2006-03-13,2006,3,11,-46.61232926688325,-60.384410456630796,9893091.2605861,7,100.05405590660762,12.772790574908427,1413298.7515123,0.8556961417198181,0.0319,12.88324379076327,13.08232981107213,13.322727722051733,98.76103127538846,97.19285372937499,94.99369624814418,1.0421030521392822,0.03358,0.970941817426052,0.23931566428755804,14.161437777536019,High,1277.9695022652786,1271.5089677669755,1272.3624429480255,1265.5751504253121,13.633135825210987,101.2849695175085,0.4393046350558021,shallow,moderate,high,neutral,0
2006-03-20,2006,3,12,-46.8318147380541,-60.45885043257355,10484295.254848825,7,103.80892676829829,12.1756932420257,1497756.4649784036,0.8556961417198181,0.0319,12.474241908467063,12.647393607850747,13.00301803386196,101.93149133745295,100.44366310635841,97.49336740286176,0.9799674153327942,0.033019999999999994,0.992708874098054,0.120536680255323,14.21947952406288,High,1263.9456481147104,1270.3505427204714,1271.518081034203,1267.7080145213413,12.394033624581999,98.43151692089599,0.4176169369312316,shallow,moderate,moderate,neutral,0
2006-03-27,2006,3,13,-46.90916372035514,-60.42859963890205,11061652.697943099,7,108.6709937048507,11.7380669934216,1580236.0997061569,0.8556961417198181,0.0319,11.95688011772365,12.228850270118576,12.632149933732737,106.23996023657449,104.17799212658554,100.8116963322548,0.9178317785263062,0.03246,1.0,-1.6081226496766366e-16,14.273085456850604,High,1275.5874043492347,1273.9770671576064,1270.2984682604485,1273.4684631429773,11.224027392754833,95.61787179684352,0.39694847976804903,mid,moderate,moderate,neutral,0
2006-04-03,2006,4,14,-47.23519874479053,-60.53181698807519,10733848.9483439,7,116.7631829601186,11.388465618160293,1533406.992620557,0.7518421411514282,0.0303,11.563266305790947,11.767408617869199,12.213742687026828,112.71708833248465,109.74770114442252,105.35303319680891,0.8349253416061402,0.03158,0.992708874098054,-0.12053668025532288,14.243003262445999,High,1329.7534946082703,1291.446044238211,1303.3777096018816,1286.7548387636195,9.824907660093478,91.63113686849556,0.37161476415230926,mid,moderate,moderate,neutral,0
2006-04-10,2006,4,15,-47.1857596681315,-60.57224114087956,8072669.481552402,7,120.63744152232564,10.847725920445141,1153238.4973646288,0.7518421411514282,0.0303,11.118095769302716,11.324752844009012,11.784548469792231,118.70031224122212,115.35720606243164,109.98692017244016,0.8141545414924621,0.031259999999999996,0.9709418174260521,-0.2393156642875575,13.958085494390199,High,1308.6419013779168,1306.3918474324564,1319.7214393440431,1296.14619181529,9.220098959229613,93.9185932096105,0.3540117739037217,mid,moderate,moderate,neutral,0
2006-04-17,2006,4,16,-47.334234248492386,-60.57969206888108,6126759.1743229,7,125.34435253122793,10.174718430033579,875251.3106175571,0.7518421411514282,0.0303,10.511222175239359,10.803636656213003,11.264934040817263,122.99089702677679,120.91499233789072,115.04497949736424,0.7933837413787842,0.030940000000000002,0.9350162426854148,-0.35460488704253545,13.682267478766077,High,1275.3434938001108,1306.3216435073507,1292.7846441804368,1295.9741057649824,8.57142967080325,95.93198900982277,0.3342645181432303,mid,moderate,moderate,neutral,0
2006-04-24,2006,4,17,-46.856611207825324,-60.41232339492352,3711453.43283135,7,119.79068154491186,9.95500902862535,530207.6332616213,0.7518421411514282,0.0303,10.064863729329463,10.32581779303469,10.820797198137194,122.5675170380699,121.9241585328218,118.24133045268695,0.7726129412651062,0.03062,0.8854560256532099,-0.4647231720437685,13.181025855734713,Medium,1192.5173163247816,1258.9666455789936,1233.6253566304406,1279.465457266449,7.977860456044098,94.20018273531655,0.3161765408227222,mid,moderate,moderate,neutral,0
2006-05-01,2006,5,18,-46.65590133279179,-60.298097168638265,4910568.61465191,7,125.19174552314155,9.5174074056944,701509.80209313,0.5736167430877686,0.029,9.736208217159874,9.882378288117776,10.376665280591752,122.49121353402671,123.4422598664271,121.54548081634512,0.7161970615386963,0.03004,0.8229838658936565,-0.5680647467311557,13.460991576972212,Medium,1191.500845973756,1219.9031087401713,1192.5999597398757,1261.2367707997992,7.077730290963763,88.40898378603123,0.296866643775058,mid,moderate,moderate,neutral,0
2006-05-08,2006,5,19,-47.192630407359374,-60.76112337345469,3136722.942499206,7,129.2434306205758,9.36858413435695,448103.2774998866,0.5736167430877686,0.029,9.442995770025675,9.613666856225565,9.972688983831082,127.21758807185867,124.74195256287639,124.04153034843657,0.6805519819259643,0.02978,0.7485107481711013,-0.6631226582407951,13.01278124659095,Medium,1210.8279535817896,1199.2275749345865,1201.3151460354302,1237.0276032434022,6.542600032580263,84.89338304598016,0.28629499897839733,mid,cold,moderate,neutral,0
2006-05-15,2006,5,20,-47.15341476213411,-60.78843916288374,2379501.03693248,7,127.30016486148489,9.185855811219758,339928.71956178284,0.5736167430877686,0.029,9.277219972788354,9.357282450423703,9.640314961986007,128.27179774103035,127.24511366840073,125.37407501626839,0.6449069023132324,0.02952,0.6631226582407952,-0.7485107481711012,12.736494168057186,Medium,1169.360959162104,1190.6684690314955,1190.0056839485549,1208.6455712244883,6.034576039172723,82.06125209038348,0.27622697793650774,mid,cold,moderate,neutral,0
2006-05-22,2006,5,21,-47.11480061931469,-60.83536000655173,1774702.59868048,7,126.47938755523069,8.81206320986682,253528.94266864,0.5736167430877686,0.029,8.998959510543287,9.122167718481176,9.367783917952655,126.88977620835779,127.67432767909712,125.60108202106896,0.6092618227005004,0.02926,0.5680647467311558,-0.8229838658936564,12.443237212078106,Medium,1114.5443578819356,1164.6666304330474,1141.8759584009106,1176.6037962344221,5.557788531141507,77.78709359382766,0.26691462744275923,mid,cold,moderate,neutral,0
2006-05-29,2006,5,22,-46.40615007710171,-60.59118145787155,2123068.23633247,7,128.70975809232226,8.665989990828527,303295.46233321,0.5736167430877686,0.029,8.739026600347671,8.887969670638368,9.109980110393291,127.59457282377647,127.49643683634594,127.38489733055103,0.5736167430877686,0.029,0.46472317204376906,-0.8854560256532096,12.622466029692427,Medium,1115.3974753500256,1133.1844637159031,1115.0523659669807,1160.4738810458114,5.098288215134447,73.13409085336016,0.25775112044851267,mid,cold,moderate,neutral,0
2006-06-05,2006,6,23,-45.85264268136616,-60.55361412835311,619269.6016887401,7,115.84266231038625,8.501248479193038,88467.08595553429,0.4173809140920639,0.0308,8.583619235010781,8.65976722662946,8.90674832509302,122.27621020135425,123.67726931931306,125.51508068799997,0.5423695772886277,0.029360000000000004,0.35460488704253584,-0.9350162426854147,11.390397155299732,Low,984.8072567918437,1071.0163635304125,1049.572429868566,1117.9312346917588,4.696794290124932,67.07878828092758,0.254250765773841,mid,cold,moderate,neutral,0
2006-06-12,2006,6,24,-45.64974878472727,-60.5469226926475,105314.37933047,7,112.25015460729746,8.061821388008658,15044.911332924285,0.4173809140920639,0.0308,8.281534933600847,8.409686619343407,8.64539577582336,114.04640845884185,118.934191670002,122.11642548534431,0.5111224114894867,0.029720000000000003,0.23931566428755768,-0.970941817426052,9.618861561102955,Low,904.9406972203893,1000.1992802696399,944.4793157036099,1055.7448290496438,4.2983793047496714,60.789930854924236,0.2499358863268861,mid,cold,moderate,neutral,0
2006-06-19,2006,6,25,-45.73594703121429,-60.52166459757143,152792.9372197,7,118.81428571428572,7.694285791428571,21827.562459957142,0.4173809140920639,0.0308,7.878053589718614,8.085785219543423,8.347081771865124,115.53222016079158,115.63570087732313,120.41924965590447,0.4798752456903458,0.030080000000000003,0.12053668025532308,-0.992708874098054,9.990974595839134,Low,914.1910703901633,935.0054410054038,910.1690217658853,1005.1493237844758,3.8801681688277667,55.49071036908077,0.24322041940386618,mid,cold,moderate,neutral,0
2006-06-26,2006,6,26,-45.747584309000004,-60.587937600400004,84002.6580938,5,115.79,7.416000049,16800.53161876,0.4173809140920639,0.0308,7.555142920214285,7.7240357428124105,8.067869139691759,117.30214285714285,115.61814677386106,118.28137214485835,0.44862807989120485,0.030440000000000002,-3.216245299353273e-16,-1.0,9.729225329078671,Low,858.6986456737101,893.0386981990342,886.2344541331075,954.2786321278991,3.465219324308968,51.869547187736785,0.2351196480112098,mid,cold,moderate,neutral,0
2007-01-01,2007,1,1,-45.853708415524025,-60.5933851803329,1445578.959899,7,85.39437047964182,12.201864899806077,206511.27998557143,1.9200962781906128,0.0392,9.808932474403036,9.104050246744883,8.77504412148727,100.5921852398209,106.66621873130917,109.61829462232224,0.7179239869117737,0.032479999999999995,0.12053668025532305,0.992708874098054,12.238115156862436,Medium,1041.9705717965778,971.094614960119,986.7019524700451,961.9053718330683,6.536016050188204,76.5782370203848,0.2956995520142738,mid,cold,moderate,neutral,0
2007-01-08,2007,1,2,-45.92766543983725,-60.6775439883196,1385088.5002218,7,85.40821435293485,12.453646984485493,197869.78574597143,1.9200962781906128,0.0392,12.327755942145783,10.690503977763859,9.56552382254576,85.40129241628833,95.53086161085889,103.53140503083196,1.0184670597314835,0.03416,0.23931566428755774,0.970941817426052,12.195369499404888,Medium,1063.6437511267177,1021.2730560500958,1052.806290051828,990.3321212040571,10.887926153280887,97.2950357384267,0.36518761588041343,mid,cold,high,neutral,0
2007-01-15,2007,1,3,-45.92108627899694,-60.625640229522446,1038297.7286387,7,85.80537414965987,11.63958843537415,148328.2469483857,1.9200962781906128,0.0392,12.046617709929821,12.098366773221906,10.281077232018859,85.60679425129736,85.53598632741216,98.24244893930447,1.3190101325511931,0.03584,0.3546048870425356,0.9350162426854148,11.90718972344497,Low,998.7392406453331,1034.8457348983266,1031.272323717997,1010.0382050076585,15.957868361200378,112.82283266361696,0.4336054651522731,shallow,moderate,high,neutral,0
2007-01-22,2007,1,4,-45.96696198806277,-60.60156522498319,3006916.6831459,7,88.08821934385278,12.164180805064436,429559.5261637,1.9200962781906128,0.0392,11.901884620219292,12.085805408308026,11.175056234746032,86.94679674675632,86.43393594881583,92.09723566521787,1.619553205370903,0.03752,0.4647231720437685,0.8854560256532099,12.970517932863618,Medium,1071.5210268948,1044.6237305515479,1034.8307429775518,1029.1917876234675,19.573604888514257,139.984358018728,0.45345941891971714,shallow,moderate,high,neutral,0
2007-01-29,2007,1,5,-45.95491377545299,-60.651328315736414,3621370.6827353,7,90.10234056717016,12.759332049962493,517338.66896218574,1.9200962781906128,0.0392,12.461756427513464,12.187700430133694,12.24372263493853,89.09527995551147,87.99864468689425,86.9597037786519,1.9200962781906128,0.0392,0.5680647467311558,0.8229838658936564,13.15645493768939,Medium,1149.6456817753299,1072.5011197016431,1110.2836776467066,1064.7104934822298,23.401558235601836,168.9658701491238,0.4777578568612408,shallow,moderate,high,neutral,0
2007-02-05,2007,2,6,-45.78851358050631,-60.63968944751644,4050235.39199132,7,89.83970060023748,12.683683411763258,578605.05599876,1.3345816135406494,0.0345,12.721507730862875,12.535732088930061,12.340086337329966,89.97102058370382,89.34342017042013,87.84876980277103,1.8029933452606202,0.038259999999999995,0.6631226582407952,0.7485107481711011,13.268377138112605,Medium,1139.4983202210099,1119.985179165097,1144.567033909211,1084.06140399442,22.601841534310914,161.08559201009095,0.4796171097224641,shallow,moderate,high,neutral,0
2007-02-12,2007,2,7,-45.75919958591411,-60.56259887818106,7274378.0945899,7,89.75832364749557,12.937758488952628,1039196.8706557,1.3345816135406494,0.0345,12.810720950357943,12.793591316892794,12.436908638223395,89.79901212386653,89.90012160496774,88.71879166168317,1.6858904123306275,0.03732,0.7485107481711011,0.6631226582407953,13.853959695314776,High,1161.2715137245432,1150.1454151529215,1150.390085936664,1103.387506389929,21.56859294042593,151.5617530811726,0.47745682794643907,shallow,moderate,high,neutral,0
2007-02-19,2007,2,8,-46.35406853474224,-60.80996541890784,7263551.4691691,7,93.17654760113659,12.418950671177564,1037650.2098813,1.3345816135406494,0.0345,12.678354580065095,12.680130857297817,12.592781085384077,91.46743562431608,90.92485728295652,90.19302635197852,1.5687874794006347,0.03638,0.8229838658936564,0.5680647467311558,13.852470264932165,High,1157.1549483691435,1152.9390885290172,1159.656581374357,1135.7810362787427,19.89243052609045,142.6417776717918,0.46130316058849463,shallow,moderate,high,neutral,0
2007-02-26,2007,2,9,-46.31712766816849,-60.75420333709265,9530341.295783501,7,94.45914519685947,11.910580526023422,1361477.3279690717,1.3345816135406494,0.0345,12.164765598600493,12.422429895384537,12.542061029575873,93.81784639899803,92.4646721484972,91.46721152257984,1.451684546470642,0.035440000000000006,0.8854560256532098,0.4647231720437686,14.124081673209492,High,1125.0632552865331,1148.6359075644216,1141.2721104093164,1147.1873491213219,18.03344950874465,134.22953565244777,0.44025091549242806,shallow,moderate,high,neutral,0
2007-03-05,2007,3,10,-45.644892747925056,-60.34382410358914,20839027.451706998,7,91.2164350217652,11.575740667230605,2977003.9216724285,0.5678029656410217,0.0342,11.743160596627012,11.96842395481053,12.305342753029496,92.83779010931232,92.95070927325374,91.69003041349886,1.181225883960724,0.03444,0.9350162426854148,0.35460488704253557,14.906428293229139,High,1055.8977964012454,1112.4734954826392,1090.2090786896053,1128.2772512738022,14.137412165637773,109.7957837260754,0.41219252100367465,shallow,moderate,high,neutral,0
2007-03-12,2007,3,11,-46.1929303488876,-60.37932688336752,20157196.2977116,7,90.38075821518453,11.488070083185164,2879599.471101657,0.5678029656410217,0.0342,11.531905375207884,11.658130425479731,12.066220087313877,90.79859661847486,92.01877947793639,91.79824193648827,1.0278701543807984,0.03438,0.970941817426052,0.23931566428755804,14.873162117177305,High,1038.3004845474532,1072.7669327472402,1047.0808244059226,1107.6577908341537,11.983044320229334,94.58335706791912,0.40080652402799316,shallow,moderate,high,neutral,0
2007-03-19,2007,3,12,-47.14982495465501,-60.667362130820855,16806781.484699,7,96.40497571731477,11.27380434638554,2400968.7835284285,0.5678029656410217,0.0342,11.380937214785352,11.44587169893377,11.73342925880046,93.39286696624964,92.66738965142149,93.1275723504521,0.8745144248008728,0.03432,0.992708874098054,0.120536680255323,14.691383290171858,High,1086.8508342550558,1060.6590526252733,1062.8983552516881,1092.7057822178513,10.009579905137654,81.03896895881121,0.392822316707407,shallow,moderate,moderate,neutral,0
2007-03-26,2007,3,13,-47.24766073637111,-60.605659902562756,13479722.135697,7,99.69515977981186,11.104784268500243,1925674.590813857,0.5678029656410217,0.0342,11.189294307442891,11.288886232690317,11.470595978264994,98.05006774856332,95.49363123743704,94.43129478618717,0.7211586952209472,0.03426,1.0,-1.6081226496766366e-16,14.470787420400734,High,1107.093241968473,1078.016738985909,1097.1110649033894,1083.1832301967945,8.141078466064663,68.86606250510039,0.38675724233197023,shallow,moderate,moderate,neutral,0
2007-04-02,2007,4,14,-46.9627449948248,-60.54128058409227,13584421.1242947,7,99.2073239392199,11.102137563111437,1940631.589184957,0.4293071031570434,0.0331,11.10346091580584,11.160242059332406,11.308907385682598,99.45124185951587,98.4358198121155,95.38093053465926,0.5401037931442261,0.03398,0.992708874098054,-0.12053668025532288,14.47852455478797,High,1101.4133576413778,1098.5675764120374,1104.2529770154883,1078.654109776687,6.027689068653161,53.16555966178514,0.37922502517611517,shallow,moderate,moderate,neutral,0
2007-04-09,2007,4,15,-47.04689983476818,-60.46094351071304,17621878.340196,7,95.48626589251083,10.76190213361521,2517411.191456571,0.4293071031570434,0.0331,10.932019848363323,10.989607988408963,11.14613967895952,97.34679491586536,98.12958320384753,96.23489670880838,0.5124046206474304,0.03376,0.9709418174260521,-0.2393156642875575,14.738742023704422,High,1027.6138486395616,1078.4056514762449,1064.1970941947939,1072.6476007066199,5.6311259123646655,50.28205185585795,0.3710091656886866,shallow,moderate,moderate,neutral,0
2007-04-16,2007,4,16,-47.35670410894279,-60.40471482650855,19406601.3006653,7,95.51994578191761,10.444160437085513,2772371.6143807573,0.4293071031570434,0.0331,10.603031285350362,10.769400044604053,10.93735774973959,95.50310583721422,96.73784520454944,97.26273422215499,0.48470544815063477,0.03354,0.9350162426854148,-0.35460488704253545,14.835214051030908,High,997.6256386880572,1041.8085544607748,1012.6224190401091,1063.7973199055489,5.219986874933274,46.88936061299787,0.36120567749601995,shallow,moderate,moderate,neutral,0
2007-04-23,2007,4,17,-47.33766326852105,-60.504334571989084,16175931.6827364,7,97.44919830215325,9.900655772929118,2310847.383248057,0.4293071031570434,0.0331,10.172408105007314,10.36890611454328,10.662728035048303,96.48457204203544,96.15180332552723,97.47157873912269,0.4570062756538391,0.033319999999999995,0.8854560256532099,-0.4647231720437685,14.653125280548302,High,964.810967737528,996.9890214264221,981.4804426485633,1039.3129352420617,4.738655166011744,43.94197753519962,0.34549195173658204,shallow,moderate,moderate,neutral,0
2007-04-30,2007,4,18,-47.323351223695305,-60.494947072751245,15287535.8632221,7,102.88891210882817,9.487448558210124,2183933.694746014,0.4293071031570434,0.0331,9.69405216556962,9.944088256074918,10.33926089299028,100.16905520549071,98.61935206429966,98.11032920492595,0.4293071031570434,0.0331,0.8229838658936565,-0.5680647467311557,14.596638713727256,High,976.15326084271,980.67954068432,971.0440465378499,1014.388289946893,4.2690677227534986,42.33798834994908,0.32914932127607976,shallow,moderate,moderate,neutral,0
2007-05-07,2007,5,19,-47.550849167016864,-60.45488802558218,16646047.5250877,7,101.41843510494888,9.072647699782225,2378006.789298243,0.3803555071353912,0.0308,9.280048128996174,9.486917343640487,9.933362920324438,102.15367360688853,100.58551517197675,98.55255143807176,0.4195167839527129,0.032639999999999995,0.7485107481711013,-0.6631226582407951,14.681773631794885,High,920.1337319704273,954.2464684040395,947.9910076256919,978.9582601583089,3.9799210536292713,42.197311837174496,0.30965298209642544,shallow,cold,moderate,neutral,0
2007-05-14,2007,5,20,-47.70173172622339,-60.59623620128394,13130355.424809,7,99.8760683369599,8.69614616952566,1875765.060687,0.3803555071353912,0.0308,8.884396934653942,9.085414142506002,9.520211727506528,100.64725172095439,101.39447185024564,99.43051192696156,0.4097264647483825,0.03218,0.6631226582407952,-0.7485107481711012,14.444527699646676,High,868.5368890957369,921.2107685201483,894.1901346709909,946.599525719037,3.722534617383941,41.54399849623053,0.29236862710584316,shallow,cold,moderate,neutral,0
2007-05-21,2007,5,21,-47.323773749242825,-60.55928892529927,12536220.06621454,7,105.0873643312233,8.403140780258296,1790888.5808877912,0.3803555071353912,0.0308,8.549643474891976,8.723978216522061,9.112007796141084,102.4817163340916,102.12728925771069,101.34399563682271,0.3999361455440521,0.031720000000000005,0.5680647467311558,-0.8229838658936564,14.398223026930543,High,883.0639167015636,890.9562467967155,876.1821373514967,923.4472783348166,3.4890342217261074,40.84439442059129,0.27672458902807984,mid,cold,moderate,neutral,0
2007-05-28,2007,5,22,-46.910404086642124,-60.585806001152456,9313917.1152042,7,108.3771718923455,7.98767728494991,1330559.5878863144,0.3803555071353912,0.0308,8.195409032604102,8.362321411577954,8.729412098545243,106.7322681117844,104.44686818684289,103.52959035486114,0.3901458263397216,0.031259999999999996,0.46472317204376906,-0.8854560256532096,14.101110906046134,High,865.6818741316,873.4182822110965,874.7145941536407,903.7524586011577,3.262524797238428,40.7495096973518,0.2614061673259268,mid,cold,moderate,neutral,0
2007-06-04,2007,6,23,-46.6906257951065,-60.63359137685237,9575155.0081046,7,101.66809603848706,7.892849462303731,1367879.2868720856,0.3385144174098968,0.0291,7.94026337362682,8.094555842503977,8.410492279363964,105.02263396541628,105.04421075401861,103.28542714079292,0.3719872891902923,0.030459999999999997,0.35460488704253584,-0.9350162426854147,14.128772863739748,High,802.4509771508167,850.2862298801605,833.9073738774109,868.6812875384481,3.011071885052497,39.07511120352113,0.24656017096267113,mid,cold,moderate,neutral,0
2007-06-11,2007,6,24,-46.43566892076759,-60.609420069551454,5323201.687136,7,96.85081494136115,7.939476160840144,760457.3838765714,0.3385144174098968,0.0291,7.916162811571937,7.940000969364594,8.183857971575549,99.25945548992411,102.29869429073123,102.37190310807537,0.3636190712451934,0.03012,0.23931566428755768,-0.970941817426052,13.541676667129703,Medium,768.9447363848773,812.2517318331383,785.7540102462171,837.7971153163824,2.887135778166289,37.19775620759166,0.23915282919726158,mid,cold,moderate,neutral,0
2007-06-18,2007,6,25,-46.08071559509585,-60.38062335829469,2815992.2824703,7,109.78123067408782,7.391991354839208,402284.6117814714,0.3385144174098968,0.0291,7.665733757839675,7.741438992661027,7.9230270086382575,103.3160228077245,102.76671388464534,104.35293557550096,0.35525085330009454,0.02978,0.12053668025532308,-0.992708874098054,12.90491759240263,Medium,811.5019080664661,795.5622460142328,791.9931237629074,826.7911269953822,2.750152807913454,36.50796279836693,0.23054005320144538,mid,cold,moderate,neutral,0
2007-06-25,2007,6,26,-46.2739459595303,-60.59855164584091,578590.63102748,6,106.79204545454546,7.03295450625,96431.77183791333,0.3385144174098968,0.0291,7.212472930544603,7.454807340643117,7.648989753836598,108.28663806431663,104.47469702333147,104.6938718001654,0.3468826353549957,0.02944,-3.216245299353273e-16,-1.0,11.476601379661606,Low,751.0635973112004,778.8387382809971,781.0144457785645,800.8023526889475,2.5859432163860516,36.240458231367946,0.21946952810853337,mid,cold,moderate,neutral,1
2007-12-31,2008,1,1,-45.49430731214286,-60.52745955137302,437841.0927869,6,92.23492063492064,12.87809523809524,72973.51546448334,0.8383760154247284,0.0396,9.955524872172619,9.10101369972815,8.627073344465664,99.51348304473305,102.9360655878513,101.46542154868044,0.43848673701286317,0.031200000000000006,0.12053668025532305,0.992708874098054,11.197865555967258,Low,1187.8100922146639,936.82254311115,990.7089555683681,875.349633627593,3.9906738007031617,45.136099520558986,0.2839516274315183,mid,cold,moderate,neutral,0
2008-01-07,2008,1,2,-45.55979196393197,-60.51987653684524,1240734.5530058,7,88.69345238095238,12.770467687074829,177247.79328654284,0.8383760154247284,0.0396,12.824281462585034,10.893839143806689,9.602596989419883,90.46418650793652,95.90680615680616,98.87049281717348,0.5384590566158295,0.0333,0.23931566428755774,0.970941817426052,12.08530963640247,Low,1132.6568676860625,1044.7933190684953,1160.1381900615654,949.4134966686503,5.865886348298745,51.64188836623107,0.36276484348876276,shallow,cold,moderate,neutral,0
2008-01-14,2008,1,3,-45.544248596244465,-60.4899276706249,2977135.3538583,7,87.09545739348371,12.930545112781955,425305.05055118573,0.8383760154247284,0.0396,12.850506399928392,12.859702679317342,10.600810779808246,87.89445488721805,89.3412768031189,96.91942130759801,0.6384313762187958,0.0354,0.3546048870425356,0.9350162426854148,12.960564307691635,Medium,1126.1917409448197,1148.9022566787005,1129.4882550464129,1027.424446170362,8.210037679321106,57.03827430255957,0.45523347484783394,shallow,moderate,moderate,neutral,0
2008-01-21,2008,1,4,-45.61335424631664,-60.4303779913658,1963456.051905,7,86.64601113172542,13.444511440940014,280493.72170071426,0.8383760154247284,0.0396,13.187528276860984,13.048508080265599,11.811314797028407,86.87073426260457,87.4783069687205,92.29237739912551,0.7384036958217621,0.0375,0.4647231720437685,0.8854560256532099,12.544310186305143,Medium,1164.9132879722981,1141.461395329304,1145.610264519774,1090.0943228272213,9.635066591428245,64.59430516993383,0.4893190530099599,shallow,moderate,moderate,neutral,0
2008-01-28,2008,1,5,-46.02915740286109,-60.601527675152234,3339742.8343855,7,88.4113249280056,13.950757984092643,477106.1191979285,0.8383760154247284,0.0396,13.697634712516328,13.441938179271538,13.194875492596935,87.52866802986551,87.38426448440491,88.61623329381754,0.8383760154247284,0.0396,0.5680647467311558,0.8229838658936564,13.075496313209948,Medium,1233.4049971235831,1174.6138810404843,1198.935721546204,1169.2801649348457,11.269398570323201,73.26087146925599,0.5323007518991529,shallow,moderate,moderate,neutral,0
2008-02-04,2008,2,6,-45.90503482173007,-60.54383494079709,1879782.5283291,7,87.12079776037731,13.253926194839453,268540.36118987144,0.5716938376426697,0.0369,13.602342089466047,13.549731873290703,13.270041683945777,87.76606134419146,87.39271127336944,87.59340871890889,0.7850395798683166,0.03906,0.6631226582407952,0.7485107481711011,12.5007602264709,Medium,1154.6926235515753,1184.1478054340657,1193.8239902487544,1162.3681849388204,10.637075817136472,68.60673734159904,0.5292525269707349,shallow,moderate,moderate,neutral,0
2008-02-11,2008,2,7,-45.92577701626045,-60.53416312613724,2170469.0300300997,7,89.70015445563088,13.067327675819115,310067.0042900142,0.5716938376426697,0.0369,13.160626935329283,13.424003951583737,13.329413681694637,88.4104761080041,88.41075904800459,87.79474913384459,0.7317031443119049,0.03852,0.7485107481711011,0.6631226582407953,12.64454692108423,Medium,1172.1413108433146,1186.8263788229312,1163.5372932322848,1170.2525302856166,9.822385900629257,64.69043038642715,0.5170926322150056,shallow,moderate,moderate,neutral,0
2008-02-18,2008,2,8,-45.6478362247973,-60.31441156087458,3607728.695574,7,91.01558949146143,13.256564223013259,515389.8136534286,0.5716938376426697,0.0369,13.161945949416186,13.19260603122394,13.394617503740898,90.35787197354615,89.27884723582319,88.57877555344012,0.6783667087554932,0.03798,0.8229838658936564,0.5680647467311558,13.152680753321008,Medium,1206.554007388969,1177.8206585040418,1189.2854270200821,1186.4788174880455,8.949424733309254,60.563797760849845,0.5010551770658852,shallow,moderate,moderate,neutral,0
2008-02-25,2008,2,9,-46.33819328827301,-60.618997395754484,5524134.7158536,7,96.44118829320232,13.740853821896215,789162.1022648,0.5716938376426697,0.0369,13.498709022454737,13.354915240242862,13.453885979932135,93.72838889233188,92.3856440800982,90.5378109857355,0.6250302731990814,0.03744000000000001,0.8854560256532098,0.4647231720437686,13.578728298699815,Medium,1325.1842707468616,1233.8024461049563,1265.2122488010666,1218.0853858747325,8.347226321159573,57.74382435905688,0.5000080265946929,shallow,moderate,moderate,neutral,0
2008-03-03,2008,3,10,-46.57043709153607,-60.666534305641,9126128.84402,7,96.65765021006935,13.972477562103029,1303732.692002857,0.5716938376426697,0.0339,13.85666569199962,13.656631869004167,13.458229895534213,96.54941925163584,94.70480933157769,92.18707604214826,0.5716938376426697,0.0363,0.9350162426854148,0.35460488704253557,14.080742776688767,High,1350.546848765797,1293.348717265587,1337.85302532663,1240.6748627723257,7.807412282464177,54.14215588998697,0.4957357368448513,shallow,moderate,moderate,neutral,0
2008-03-10,2008,3,11,-46.21813839810416,-60.588043477665295,10426741.4711564,7,96.63256140559777,14.187676470310493,1489534.4958794857,0.5716938376426697,0.0339,14.08007701620676,13.967002618103246,13.644979950628422,96.64510580783356,96.57713330295648,94.08942877119235,0.5716938376426697,0.035699999999999996,0.970941817426052,0.23931566428755804,14.213974881587,High,1370.9915177200332,1348.8930736912994,1360.7705330137478,1283.8483691490005,7.984849327108659,55.21255196649487,0.49862199346628583,shallow,moderate,moderate,neutral,0
2008-03-17,2008,3,12,-46.08239491606277,-60.474240433755675,14342667.383985,7,96.5284313528821,13.428644705704132,2048952.4834264286,0.5716938376426697,0.0339,13.808160588007311,13.862932912705885,13.717243356605426,96.58049637923993,96.60621432284972,95.45508415064259,0.5716938376426697,0.035100000000000006,0.992708874098054,0.120536680255323,14.532839724878142,High,1296.2460086368048,1339.2454681081522,1333.5990036740036,1309.3806189196139,7.9253533178477,55.2291774063602,0.4865889452359766,shallow,moderate,moderate,neutral,0
2008-03-24,2008,3,13,-46.68757847932022,-60.52226605436835,16169214.41742,7,100.482052350504,12.138131449976028,2309887.773917143,0.5716938376426697,0.0339,12.78338807784008,13.25148420866355,13.493556801997979,98.50524185169306,97.88101503632795,97.3483767224511,0.5716938376426697,0.034499999999999996,1.0,-1.6081226496766366e-16,14.65270993151975,High,1219.6643597937903,1297.0687250818594,1259.2307342916868,1313.5758508866918,7.5757918617121005,55.95797311847818,0.4571762051988924,shallow,moderate,moderate,neutral,0
2008-03-31,2008,3,14,-46.93491901754316,-60.59429056471224,18095166.314943902,7,98.19340632014395,12.14854991774779,2585023.7592777004,0.5716938376426697,0.0339,12.143340683861908,12.571775357809315,13.175096021168295,99.33772933532398,98.40129667451002,97.69882032783943,0.5716938376426697,0.0339,0.992708874098054,-0.12053668025532288,14.765245643936321,High,1192.90749827396,1237.0789967090889,1206.2918900801023,1287.1913389741535,7.187206500287554,56.255414924865505,0.42618318462973576,shallow,moderate,moderate,neutral,0
2008-04-07,2008,4,15,-47.16210301814816,-60.41530779544056,13074193.339994721,7,98.53319247023082,10.75013246672465,1867741.9057135317,0.5716938376426697,0.0327,11.449341192236218,11.678937944816155,12.530627002092618,98.36329939518738,99.06955038029291,98.07392877987172,0.5716938376426697,0.03366,0.9709418174260521,-0.2393156642875575,14.440241257525136,High,1059.244871424257,1157.0271311122785,1126.1949755695828,1228.927820170369,6.676776853262542,56.63745145044346,0.39311305122251183,shallow,moderate,moderate,neutral,0
2008-04-14,2008,4,16,-47.51066520988028,-60.4176113846331,12559798.835043,7,95.69716754900199,9.596905952701025,1794256.9764347144,0.5716938376426697,0.0327,10.173519209712836,10.831862779057822,11.612472898570726,97.11518000961641,97.47458877979223,97.88685000855257,0.5716938376426697,0.033420000000000005,0.9350162426854148,-0.35460488704253545,14.400102110836688,High,918.3967169076445,1055.8313701077986,988.0031493825526,1136.7083928507743,6.1925092009783596,55.725621732160526,0.3620008540761125,shallow,moderate,moderate,neutral,0
2008-04-21,2008,4,17,-47.36117299085604,-60.463466133750046,14407165.9658889,7,92.52006903232814,9.292774557621168,2058166.5665555573,0.5716938376426697,0.0327,9.444840255161097,9.879937659015615,10.785298868954133,94.10861829066506,95.5834763505203,97.08517754444179,0.5716938376426697,0.03318,0.8854560256532099,-0.4647231720437685,14.537326614100682,High,859.768143572973,944.358787575134,888.8408663892633,1047.092655562279,5.648299475952971,54.64448441005631,0.32781633152613815,shallow,moderate,moderate,neutral,0
2008-04-28,2008,4,18,-47.280737291317415,-60.59783872779452,16219303.497814,7,100.22242947308106,8.937884169072065,2317043.3568305713,0.5716938376426697,0.0327,9.115329363346616,9.27585489313142,10.145249412773339,96.3712492527046,96.1465553514704,97.03325296895719,0.5716938376426697,0.032940000000000004,0.8229838658936565,-0.5680647467311557,14.655802947310496,High,895.7764657733928,891.8414959146676,878.4556780955738,984.4265527027998,5.302949081270837,54.966393205005474,0.305546660179749,shallow,moderate,moderate,neutral,0
2008-05-05,2008,5,19,-47.23829395014442,-60.60951802616787,19624732.327761002,7,98.37539552708286,8.785346884175217,2803533.1896801433,0.4094980955123901,0.0341,8.861615526623641,9.005335203622819,9.472608806058826,99.29891250008197,97.03929801083068,97.06965081034498,0.5392546892166138,0.032979999999999995,0.7485107481711013,-0.6631226582407951,14.846391389827714,High,864.261974573362,873.8714065117792,879.9487847875687,919.5028290671291,4.856169236521055,52.328896490628864,0.29699595501548054,shallow,cold,moderate,neutral,0
2008-05-12,2008,5,20,-46.797842537289725,-60.548578637158116,15251532.3441487,7,100.26058931093836,8.428457151762546,2178790.3348783855,0.4094980955123901,0.0341,8.606902017968881,8.717229401669941,9.008273743066406,99.31799241901061,99.61947143703408,97.41513017848649,0.5068155407905579,0.03326,0.6631226582407952,-0.7485107481711012,14.594280847468596,High,845.0420810177059,868.4057853897324,854.8202293718005,877.5421593642557,4.418027333402703,50.488696289629964,0.2899350498995422,shallow,cold,moderate,neutral,0
2008-05-19,2008,5,21,-46.98825853060553,-60.61112649814276,8680803.860532701,7,106.62312136262967,7.801342542052268,1240114.8372189573,0.4094980955123901,0.0341,8.114899846907406,8.338382192663344,8.649161060936652,103.44185533678402,101.75303540021696,99.60032094121202,0.47437639236450196,0.03354,0.5680647467311558,-0.8229838658936564,14.030715350330981,High,831.8034926526849,848.455698430612,839.4202960362867,861.4592175415245,3.9555316627120427,48.26923784529238,0.27966933874192856,shallow,cold,moderate,neutral,0
2008-05-26,2008,5,22,-46.28462293314795,-60.53141418796473,8915807.5574416,7,102.55526056312794,7.568823664032483,1273686.7939202285,0.4094980955123901,0.0341,7.685083103042375,7.932874452615764,8.304370882218915,104.5891909628788,103.14632374556533,101.60735924737199,0.441937243938446,0.03382,0.46472317204376906,-0.8854560256532096,14.057427025365746,High,776.2226830212201,818.2468365224299,803.7766242296922,843.7851955530327,3.5058326720987196,45.58420203849783,0.26828981398746515,mid,cold,moderate,neutral,0
2008-06-02,2008,6,23,-46.336410757944485,-60.48527945055721,6887289.9567887,7,102.2950858080982,7.419888726195665,983898.5652555285,0.3461966812610626,0.0345,7.494356195114073,7.596684977426805,8.000771793643636,102.42517318561306,103.82448924461859,102.0218905143754,0.3968378126621246,0.03418,0.35460488704253584,-0.9350162426854147,13.799279102996383,High,759.0181539327259,788.7219377336049,767.610731199231,816.253863961614,3.014651849925275,41.20148321259672,0.2596546925284482,mid,cold,moderate,neutral,0
2008-06-09,2008,6,24,-46.30440922475524,-60.549931494302086,1231445.88910877,7,107.94919202173887,7.24839639145762,175920.84130125286,0.3461966812610626,0.0345,7.334142558826642,7.4123695938952565,7.693381695100117,105.12213891491854,104.26651279765501,103.9366498133066,0.3841775298118591,0.03426,0.23931566428755768,-0.970941817426052,12.077795091876078,Low,782.4585339111377,772.8619291228287,770.9807528907903,799.6243191237239,2.8476658406352127,40.05685132869969,0.2539477822868515,mid,cold,moderate,neutral,1
2008-06-16,2008,6,25,-46.0155011503699,-60.532879609403054,118102.73470059999,7,95.1568675335988,7.849468710111859,16871.819242942856,0.3461966812610626,0.0345,7.5489325507847385,7.505917942588382,7.577584006769979,101.55302977766883,101.80038178781194,102.9159054578387,0.3715172469615936,0.034339999999999996,0.12053668025532308,-0.992708874098054,9.733459277401245,Low,746.9308542572428,764.1053122234852,766.616972119456,779.8539192395698,2.7885779699500644,37.820597581447046,0.257753222148485,mid,cold,moderate,neutral,1
2008-06-23,2008,6,26,-46.16715883333333,-60.62517143333333,2493.3968987,1,85.66666666666667,8.733333333333333,2493.3968987,0.3461966812610626,0.0345,8.291401021722596,7.94373281163427,7.763982165026192,90.41176710013274,96.25757540733476,98.72461451864609,0.3588569641113281,0.03442,-3.216245299353273e-16,-1.0,7.821802255398635,Low,748.1555555555556,764.6444601316051,749.6402181097859,766.4961463718541,2.8506638404946187,34.542701283393384,0.27342328337645155,shallow,cold,moderate,neutral,1
2008-12-29,2009,1,1,-45.464151877632574,-60.45896282212121,614751.751353,4,91.91666666666667,12.735795454545455,153687.93783825,2.537003755569458,0.0417,10.734564393939394,9.77286583266355,8.797376523128786,88.79166666666667,90.91340028897737,96.59689573935384,0.7843580961227417,0.03594000000000001,0.12053668025532305,0.992708874098054,11.942685954517875,Low,1170.6318655303032,888.4844634154115,953.1398634785354,849.7992627845106,7.665426438170974,71.308661562707,0.35123679802592805,shallow,cold,moderate,neutral,0
2009-01-05,2009,1,2,-45.69122446211498,-60.526272934110914,1495682.2869429002,7,92.88118131868133,13.17257326007326,213668.89813470002,2.537003755569458,0.0417,12.954184357309357,11.547234015984017,9.947913429904306,92.398923992674,90.1548382173382,94.71411484147048,1.2225195109844207,0.037380000000000004,0.23931566428755774,0.970941817426052,12.272187571000364,Medium,1223.4841654024776,1041.0390145687834,1196.9526958181139,942.2078150329629,14.116718882443449,110.21604873033985,0.4316356075174826,shallow,cold,high,neutral,0
2009-01-12,2009,1,3,-45.83426679046744,-60.575552703394614,1734717.5786930001,7,93.13299486461251,13.527252567693745,247816.79695614288,2.537003755569458,0.0417,13.349912913883502,13.145207094104153,11.203684665151531,93.00708809164692,92.64361428332016,91.7508754100452,1.6606809258461,0.03882,0.3546048870425356,0.9350162426854148,12.42044906544145,Medium,1259.833543919338,1217.819495700549,1241.6365263973778,1027.9478758457522,21.829994687475605,153.8514831417531,0.5102969393931233,shallow,moderate,high,neutral,0
2009-01-19,2009,1,4,-45.837326649800964,-60.59494802493202,997480.391284,7,91.60740813071641,13.996741529147544,142497.19875485715,2.537003755569458,0.0417,13.761997048420643,13.56552245230485,12.433139228958666,92.37020149766445,92.54052810467006,91.04098352946872,2.0988423407077788,0.040260000000000004,0.4647231720437685,0.8854560256532099,11.86708463830118,Low,1282.2052137607668,1255.3606117520496,1271.1984403728782,1131.9252237632172,28.471892896719435,194.2279786175397,0.5461479339297933,shallow,moderate,high,neutral,0
2009-01-26,2009,1,5,-45.70635502117391,-60.5410555629353,1974356.5978611,7,90.12924430641822,14.149109730848862,282050.94255158573,2.537003755569458,0.0417,14.072925629998203,13.891034609230049,13.516294508461774,90.86832621856732,91.62321576724905,91.93349905741903,2.537003755569458,0.0417,0.5680647467311558,0.8229838658936564,12.549846526407606,Medium,1275.2485676499964,1272.741261231809,1278.7831969963136,1242.6002484534686,35.24160697236195,232.44844249886162,0.579256143204893,shallow,moderate,high,neutral,0
2009-02-02,2009,2,6,-45.9014905441475,-60.5975142732642,1857120.0675875,7,92.22652754675538,13.946537657539505,265302.86679821427,1.7710570096969604,0.0381,14.047823694194182,14.030796305845305,13.758442949060584,91.1778859265868,91.32105999462999,91.99547123343676,2.3838144063949587,0.04098,0.6631226582407952,0.7485107481711011,12.488631115214542,Medium,1286.2407394549284,1281.307191218532,1280.8508663060402,1265.7144425371837,33.446814367067205,217.6924584224573,0.5749820326135406,shallow,moderate,high,neutral,0
2009-02-09,2009,2,7,-45.83114698038636,-60.514787766853985,3495859.0572712,7,92.46411512829351,13.806287912010577,499408.4367530286,1.7710570096969604,0.0381,13.87641278477504,13.967311766799648,13.885185879448045,92.34532133752444,91.60662899382237,91.91205799535922,2.230625057220459,0.040260000000000004,0.7485107481711011,0.6631226582407953,13.121181552832757,Medium,1276.586194990513,1279.4983470622649,1281.4217976221835,1276.2160098281715,31.155835609033453,204.34004204111838,0.5623239717313538,shallow,moderate,high,neutral,0
2009-02-16,2009,2,8,-46.06054228481447,-60.56804831102039,6921943.648983,7,94.3263756063128,14.261443301766542,988849.0927118572,1.7710570096969604,0.0381,14.033865606888558,14.004756290438875,14.032024026262608,93.39524536730315,93.00567276045388,92.15073414369927,2.0774357080459596,0.039540000000000006,0.8229838658936564,0.5680647467311558,13.804298024508428,High,1345.2302575705646,1302.521780638466,1310.6963218071135,1293.061315542126,29.09398080023899,193.2133056434043,0.5537480637239532,shallow,moderate,high,neutral,0
2009-02-23,2009,2,9,-46.2486387772713,-60.53873301262682,5875576.4498285,7,98.23769738390607,14.24776107865127,839368.0642612142,1.7710570096969604,0.0381,14.254602190208905,14.105164097476129,14.082227936163353,96.28203649510942,95.00939603950411,93.47679199433719,1.92424635887146,0.03882,0.8854560256532098,0.4647231720437686,13.64040577461851,Medium,1399.6672412427386,1340.1231219393042,1372.4621283009606,1316.361491605586,27.141810655852883,182.8214843875923,0.5475624702640233,shallow,moderate,high,neutral,0
2009-03-02,2009,3,10,-45.839566911449666,-60.453057375088804,6441545.7156936005,7,97.82434384235818,14.306449997018406,920220.8165276572,0.7347692847251892,0.0373,14.277105537834837,14.271884792478739,14.11369598939726,98.03102061313211,96.79613894419235,95.0158119015252,1.5637994647026061,0.037939999999999995,0.9350162426854148,0.35460488704253557,13.732370024886556,High,1399.5190836718327,1381.4633433682777,1399.5992272753494,1341.0242833638806,22.318365798775517,151.3697502662071,0.5414753090266433,shallow,moderate,high,neutral,0
2009-03-09,2009,3,11,-45.683513184256235,-60.47192655947166,9820440.834644,7,96.68514739229025,14.730368480725625,1402920.119234857,0.7347692847251892,0.0373,14.518409238872014,14.4281931854651,14.270462154034485,97.2547456173242,97.58239620618481,95.90753587063216,1.356541919708252,0.03778,0.970941817426052,0.23931566428755804,14.154067134578767,High,1424.2078477017037,1407.937663963431,1411.9841972947072,1368.644860928561,19.572448881732345,132.3746110792692,0.5450971385468715,shallow,moderate,high,neutral,0
2009-03-16,2009,3,12,-45.87847383465326,-60.47902613999769,7148928.5225972,7,98.14207631409371,13.683537499506844,1021275.5032281715,0.7347692847251892,0.0373,14.206952990116234,14.240118659083626,14.245912071533738,97.41361185319198,97.55052251624737,97.0431281077922,1.1492843747138977,0.03762,0.992708874098054,0.120536680255323,13.836563876573999,High,1342.9307815233637,1389.1310158869715,1383.950604195728,1382.4678701701919,16.365945868956633,112.11329127309935,0.535713263954726,shallow,moderate,high,neutral,0
2009-03-23,2009,3,13,-45.98514738380352,-60.45922168472483,3047788.5941672,7,97.86796876176632,13.368752506933768,435398.37059531425,0.7347692847251892,0.0373,13.526145003220305,13.927552829055413,14.067373912567183,98.00502253793002,97.56506415605008,97.75144673888289,0.9420268297195434,0.03746000000000001,1.0,-1.6081226496766366e-16,12.984018982205779,Medium,1308.3726527323793,1358.8425853035683,1325.6301458919156,1375.1061517702615,13.12012843730653,91.90890807830772,0.5217261289764159,shallow,moderate,moderate,neutral,0
2009-03-30,2009,3,14,-46.15592284024283,-60.51678199813375,1124560.2283263518,7,98.55391397395708,12.183995189437,160651.46118947884,0.7347692847251892,0.0373,12.776373848185383,13.078761731959204,13.654620734724329,98.2109413678617,98.18798634993902,97.81469005689311,0.7347692847251892,0.0373,0.992708874098054,-0.12053668025532288,11.986998684628823,Low,1200.780413758881,1284.1772784117152,1254.779702898016,1335.6224950114863,9.609872402882841,72.14551649895134,0.4878378126020783,shallow,moderate,moderate,neutral,0
2009-04-06,2009,4,15,-45.960822474938325,-60.4695946182341,745187.65480663,7,97.90077407187688,11.132429992610058,106455.37925809,0.4063396751880646,0.035,11.658212591023528,12.22839256299361,13.01981673384266,98.22734402291698,98.10755226920008,97.82997610279685,0.6690833628177643,0.03684,0.9709418174260521,-0.2393156642875575,11.575490595807317,Low,1089.8735135775034,1199.6976625421933,1145.1552588707705,1273.728359934622,8.181814017903504,65.64213099009598,0.4504939820206846,shallow,moderate,moderate,neutral,0
2009-04-13,2009,4,16,-46.06940440764756,-60.55439757775705,597944.29039054,7,97.89165224947183,10.489760813256506,85420.61291293429,0.4063396751880646,0.035,10.811095402933281,11.268728665101188,12.171695200348836,97.89621316067436,98.11544676510192,98.07127707423317,0.6033974409103393,0.03638,0.9350162426854148,-0.35460488704253545,11.355354426375168,Low,1026.8600177114427,1105.6363474511136,1058.3653000659433,1193.6936924565246,6.799522038835041,59.20260949183713,0.4099563488363812,shallow,moderate,moderate,neutral,0
2009-04-20,2009,4,17,-46.05048880609328,-60.55229915206592,330722.596042429,7,97.30297682128217,10.42514994189747,47246.08514891843,0.4063396751880646,0.035,10.457455377576988,10.682446915921346,11.52001768882696,97.597314535377,97.69846771421028,97.90345717567087,0.5377115190029145,0.035919999999999994,0.8854560256532099,-0.4647231720437685,10.763146241070169,Low,1014.3981231548406,1043.658695123907,1020.6195617250509,1127.8495584610412,5.744074757828066,52.533591478865205,0.3837134932198947,shallow,moderate,moderate,neutral,0
2009-04-27,2009,4,18,-46.1905864779939,-60.566046960365966,158499.179006752,7,101.09744144744145,10.313550893550895,22642.73985810743,0.4063396751880646,0.035,10.369350417724181,10.409487216234957,10.908977366150385,99.20020913436181,98.76402350606514,98.54935171280589,0.4720255970954895,0.035460000000000005,0.8229838658936565,-0.5680647467311557,10.027638706798184,Low,1042.673607575969,1028.082840110314,1028.6417300257208,1075.072647283793,4.9135444187011705,46.61914716700336,0.36912041668769163,shallow,moderate,moderate,neutral,0
2009-05-04,2009,5,19,-46.24209774517687,-60.59429832805556,101585.76823221,7,98.79183673469387,9.540833333333333,14512.252604601428,0.2932930439710617,0.0356,9.927192113442114,10.093178056260566,10.380344994929652,99.94463909106767,99.06408500113916,98.59693626495324,0.383730348944664,0.03512,0.7485107481711013,-0.6631226582407951,9.582817483789945,Low,942.5564489795918,999.8714488970293,992.1696329656654,1023.4702138733053,3.8730587374894925,38.01389590537099,0.35447241333587104,shallow,moderate,moderate,neutral,0
2009-05-11,2009,5,20,-46.37789084657993,-60.685730311238096,37523.87846277,7,110.7343537414966,8.886632653061225,5360.55406611,0.2932930439710617,0.0356,9.21373299319728,9.580338959981818,9.931185527019887,104.76309523809525,103.54121064121064,101.16365219887719,0.36112102270126345,0.03524,0.6631226582407952,-0.7485107481711012,8.587009149934635,Low,984.0555237748162,991.9598942696742,965.2591870647069,1004.6749985779627,3.4596618030533928,37.39090787848093,0.33761114494975925,mid,cold,moderate,neutral,0
2009-05-18,2009,5,21,-46.28406106564285,-60.58686897485715,61909.443986700004,7,121.39285714285714,8.963571428571429,8844.206283814287,0.2932930439710617,0.0356,8.925102040816327,9.130345804988663,9.62594765008287,116.06360544217688,110.3063492063492,105.86389317755425,0.33851169645786283,0.035359999999999996,0.5680647467311558,-0.8229838658936564,9.087630928516873,Low,1088.1135459183674,1007.1351127398049,1035.879521796474,1019.0402937611022,3.090728847693643,37.3399893999147,0.32284902766439905,mid,cold,moderate,neutral,0
2009-05-25,2009,5,22,-45.92635015490476,-60.506333633428575,6875.457589669,7,127.99761904761905,8.787142857142857,982.2082270955715,0.2932930439710617,0.0356,8.875357142857142,8.879115646258503,9.298346233131948,124.6952380952381,120.04160997732424,112.00282162282163,0.31590237021446227,0.03548,0.46472317204376906,-0.8854560256532096,6.890820926906364,Low,1124.7333639455783,1065.8633373517205,1106.7147721088434,1041.441014536713,2.8049336780613783,37.92142911619677,0.3150310231292517,mid,cold,moderate,neutral,0
2009-06-01,2009,6,23,-46.338185511111114,-60.65156052444445,368.19346483,3,147.11111111111111,9.333333333333334,122.73115494333332,0.2932930439710617,0.036,9.060238095238095,9.028015873015875,9.102302721088437,137.55436507936508,132.16719576719575,121.20555555555556,0.2932930439710617,0.03568,0.35460488704253584,-0.9350162426854147,4.818111114648366,Low,1373.0370370370372,1193.2075412782397,1246.2752986583523,1103.249658144369,2.647854256415888,38.763719159680065,0.32211960634920644,mid,cold,low,neutral,0
2009-12-28,2010,1,53,-45.43000220808772,-60.46994596731579,610432.883869,3,91.99319385174647,11.920438596491229,203477.62795633334,1.5562806129455566,0.0473,10.62688596491228,10.013638262322473,9.578223773720016,119.55215248142879,122.36730800349221,119.84582697896607,0.5458905577659607,0.03802,0.12053668025532314,0.992708874098054,12.22331625602687,Medium,1096.5992186048582,1225.3419574811687,1270.4670912799484,1147.9101491510685,5.466350576285781,66.79915801834548,0.38071852673350043,mid,cold,moderate,neutral,1
2010-01-04,2010,1,1,-45.662218991871704,-60.57142607580475,1202942.97454,7,91.73242004087868,12.730986991287745,171848.99636285714,1.5562806129455566,0.0473,12.325712793889487,11.328252973704103,10.34709464136532,91.86280694631257,110.27890833457873,116.04544023884247,0.7984880715608597,0.04036,0.12053668025532305,0.992708874098054,12.054377261119162,Low,1167.8442462197697,1249.2673712780338,1132.274574860765,1200.7331528502064,9.045474871126563,88.05639284991459,0.4572082900186976,mid,moderate,moderate,neutral,0
2010-01-11,2010,1,2,-45.819571507091005,-60.57681565142918,2353808.6733615,7,91.20969181570374,12.620032996104426,336258.38190878567,1.5562806129455566,0.0473,12.675509993696085,12.423819527961134,11.07838695487192,91.47105592829121,91.64510190277629,110.00880717341181,1.0510855853557586,0.0427,0.23931566428755774,0.970941817426052,12.725638111099384,Medium,1151.069320278697,1138.5822066617002,1159.4422835529888,1218.720134310946,13.058497620901333,96.32684557846775,0.5304970938439405,mid,moderate,high,neutral,0
2010-01-18,2010,1,3,-45.77688973739599,-60.56595728784139,1430013.3565159999,7,92.16629803311352,13.351468082182368,204287.62235942855,1.5562806129455566,0.0473,12.985750539143396,12.900829356524847,11.99125199987982,91.68799492440863,91.7028032965653,102.8425429705107,1.3036830991506576,0.04504,0.3546048870425356,0.9350162426854148,12.227289088410224,Medium,1230.5553864420228,1183.0422168439532,1190.6374295226162,1233.210849067863,16.818593197128095,119.5513948024694,0.5810533542178791,mid,moderate,high,neutral,0
2010-01-25,2010,1,4,-45.84774728688418,-60.634117842246404,2349824.5367015,7,93.8341313553651,13.456796579623779,335689.21952878573,1.5562806129455566,0.0473,13.404132330903073,13.142765885970192,12.81594464913791,93.0002146942393,92.40337373472744,92.1871470193615,1.5562806129455566,0.0473,0.4647231720437685,0.8854560256532099,12.723944047988407,Medium,1262.7068178748455,1214.4359080693298,1246.5871845639801,1181.465373562076,20.45383174881764,143.80557911411896,0.6216528264063901,shallow,moderate,high,neutral,0
2010-02-01,2010,2,5,-45.931132122173786,-60.62680395676883,3710792.8735715,7,94.08919880432812,13.349720329168614,530113.2676530714,1.5474755764007568,0.0427,13.403258454396195,13.385994996991586,13.101800995673386,93.96166507984661,93.36320939760223,92.60634800987783,1.5545196056365966,0.04638,0.5680647467311558,0.8229838658936564,13.18084786163741,Medium,1256.0644900333264,1249.7594538993812,1259.3924818705977,1213.3099425614935,20.808791663776816,145.1349394537276,0.6208424479604697,shallow,moderate,high,neutral,0
2010-02-08,2010,2,6,-45.9114035842344,-60.61961172441483,2883657.490012,7,95.79482011910508,13.011372343165059,411951.0700017143,1.5474755764007568,0.0427,13.180546336166834,13.272629750652484,13.157878066048848,94.9420094617166,94.57271675959942,93.41882802552311,1.5527585983276366,0.04546,0.6631226582407952,0.7485107481711011,12.92866228661936,Medium,1246.4220731161956,1255.22865406349,1251.3875549589457,1229.19354823302,20.60918996774484,146.8485991156722,0.603373748464662,shallow,moderate,high,neutral,0
2010-02-15,2010,2,7,-46.259882798252896,-60.62981063017779,2350190.5780514,7,101.46339067509346,11.570902639929269,335741.5111502,1.5474755764007568,0.0427,12.291137491547163,12.643998437420981,12.948051994813818,98.62910539709927,97.11580319950887,95.46956779740106,1.5509975910186768,0.04454,0.7485107481711011,0.6631226582407953,12.724099809300391,Medium,1174.0230150186137,1227.9320639034738,1212.2638951040435,1236.1449277631518,19.610811117283856,150.62637681228216,0.5631636904027305,shallow,moderate,high,neutral,0
2010-02-22,2010,2,8,-46.371681663992675,-60.554314088291044,1868059.25644243,7,108.18001193421597,11.095189323174838,266865.6080632043,1.5474755764007568,0.0427,11.333045981552052,11.892488102089722,12.496796243012312,104.82170130465471,101.81274090947149,98.67231057762154,1.5492365837097168,0.043620000000000006,0.8229838658936564,0.5680647467311558,12.494504217277939,Medium,1200.2777133934396,1210.806809907033,1187.9491607501666,1233.087760115765,18.424277639089933,157.73202290471212,0.5187503310131537,shallow,moderate,high,neutral,0
2010-03-01,2010,3,9,-47.01530165156589,-60.42051209500789,2632607.89578168,7,125.57550961623399,11.090694145299846,376086.8422545257,1.3795068264007568,0.0412,11.09294173423734,11.252262036134653,12.023575756147526,116.87776077522497,111.73963740851445,105.02058622979533,1.5138818264007567,0.04240000000000001,0.8854560256532098,0.4647231720437686,12.837578018106438,Medium,1392.7195692938108,1257.3236799432786,1296.5181903077012,1262.7229744889678,17.034595002403425,169.16060636136018,0.47709591033210935,mid,moderate,high,neutral,0
2010-03-08,2010,3,10,-48.17257300584123,-59.806720506736085,1616731.74054625,7,133.13928272732042,10.71198805116432,230961.67722089286,1.3795068264007568,0.0412,10.901341098232082,10.965957173213,11.496029300546665,129.35739617177722,122.2982680925901,112.83060301439377,1.4802880764007569,0.0421,0.9350162426854148,0.35460488704253557,12.35001140598202,Medium,1426.1864057156445,1341.117570261465,1410.1690992476845,1297.1039182518198,16.232775649828554,181.03666802192427,0.4616667969922673,mid,moderate,high,neutral,0
2010-03-15,2010,3,11,-48.658087365084654,-59.51942446583666,2238282.20301713,7,131.73848926460334,9.569061293211558,319754.60043101857,1.3795068264007568,0.0412,10.140524672187938,10.457247829891907,10.807567090555967,132.43888599596187,130.1510938693859,120.01933684349342,1.4466943264007568,0.041800000000000004,0.970941817426052,0.23931566428755804,12.67531223432138,Medium,1260.6136784480823,1361.0222439236936,1342.9997909991368,1297.1170351000908,15.128441105271248,188.2888490756929,0.43711295928948174,mid,moderate,high,neutral,0
2010-03-22,2010,3,12,-48.37012403466475,-59.87283240054735,2015888.188614741,7,142.371562054877,9.786177387351332,287984.02694496297,1.3795068264007568,0.0412,9.677619340281444,10.022408910575736,10.450622040040379,137.05502565974018,135.74977801560024,128.20097111945014,1.413100576400757,0.041499999999999995,0.992708874098054,0.120536680255323,12.570663767995606,Medium,1393.2733611833241,1360.53978479223,1326.3663670074711,1339.7798943355058,14.162671808458654,191.8280895601195,0.415929969788893,mid,moderate,high,neutral,0
2010-03-29,2010,3,13,-48.26642488512164,-60.22143474802148,1239260.6187797599,7,147.86377646197155,9.805751529038426,177037.2312542514,1.3795068264007568,0.0412,9.795964458194877,9.720330069867105,10.192734481213096,145.11766925842429,140.6579425938173,136.13772402500126,1.3795068264007568,0.0412,1.0,-1.6081226496766366e-16,12.084120984024615,Low,1449.9154521313737,1367.2416289603232,1421.5675303116036,1387.615673863503,13.409261686250217,194.03859199565673,0.40047759887852474,mid,moderate,high,neutral,0
2010-04-05,2010,4,14,-48.65257803750933,-60.20367878474442,608962.93445025,7,149.23082689977932,9.5354006785247,86994.70492146429,0.5852028131484985,0.0386,9.670576103781563,9.709109864971486,9.881675787858068,148.54730168087545,146.4887218055426,140.8687874817103,1.2206460237503052,0.04068,0.992708874098054,-0.12053668025532288,11.373614027710738,Low,1422.975728076958,1422.2750939892574,1436.537985916305,1392.0196865229404,11.851386350832307,178.8108757962002,0.3949665893070401,mid,cold,high,neutral,0
2010-04-12,2010,4,15,-49.12192768797648,-60.126768501206634,135099.98829805,7,156.59865798909533,9.296570641153496,19299.99832829286,0.5852028131484985,0.0386,9.415985659839098,9.545907616238873,9.598592305855902,152.91474244443734,151.23108711694871,145.5606625340653,1.0617852210998535,0.04016,0.9709418174260521,-0.2393156642875575,9.867912100461552,Low,1455.830486305461,1443.6379863217653,1439.843022034811,1397.1774554347667,10.135703628906967,160.5749332716406,0.38336364986815313,mid,cold,high,neutral,0
2010-04-19,2010,4,16,-43.21572980166667,-58.39766002555555,2280.63442892,6,182.0,10.011111111111111,380.10573815333333,0.5852028131484985,0.0386,9.653840876132303,9.614360810263102,9.687002269435812,169.2993289945477,162.60982829629154,155.61296468114466,0.9029244184494019,0.03964,0.9350162426854148,-0.35460488704253545,5.943076867208388,Low,1822.0222222222221,1563.3895605354776,1634.3887825493355,1507.4231420198832,8.681041143369532,146.82438464858612,0.3811132625188294,mid,cold,moderate,neutral,1
2010-12-27,2011,1,52,-60.61959612,-45.74553126,192.8367728,1,0.0,10.0,192.8367728,1.6409969329833984,0.0465,10.005555555555555,9.769227250754868,9.729766791965547,91.00000000000001,112.86621932969842,127.13865227016922,0.9552224397659301,0.0407,6.432490598706546e-16,1.0,5.267016432746156,Low,0.0,1102.6157455653656,910.5055555555556,1237.0294368335476,9.331785089093875,107.81234539527111,0.39760754910572316,mid,cold,moderate,neutral,1
2011-01-03,2011,1,1,-60.52408126029576,-45.575942576120056,51459.32061688,5,91.78765821180916,13.672110751993106,10291.864123376,1.6409969329833984,0.0465,11.836055375996551,11.22774062103474,10.503038636556482,45.893829105904594,91.2625527372697,115.92342862013678,1.0075204610824584,0.04176,0.12053668025532305,0.992708874098054,9.23920613065987,Low,1254.9310287379444,1024.6722705475684,543.2019027140091,1217.548249679394,11.31217840741917,91.94888921341615,0.46887044833441077,mid,moderate,high,neutral,1
2011-01-10,2011,1,2,-60.577146618124466,-45.71450688657825,47843.529692453,7,95.67000392892623,13.316272430024641,6834.789956064714,1.6409969329833984,0.0465,13.494191591008873,12.329461060672584,11.259212986856472,93.7288310703677,62.48588738024512,105.21126402596614,1.2186792850494386,0.043340000000000004,0.23931566428755774,0.970941817426052,8.829927317763532,Low,1273.9678356991096,770.4173152963045,1264.794804064847,1184.5960302847432,15.025658790465357,76.15025655823686,0.5343588423695498,mid,moderate,high,neutral,1
2011-01-17,2011,1,3,-60.61347524167793,-45.74939218469675,233341.99047586002,7,97.14843151290087,13.917060056478732,33334.57006798,1.6409969329833984,0.0465,13.616666243251686,13.635147746165494,12.183310869921518,96.40921772091357,94.8686978845454,93.32121873072725,1.4298381090164185,0.04492,0.3546048870425356,0.9350162426854148,10.414380276120276,Low,1352.0205557577524,1293.5487121421143,1312.7721404786662,1136.961418556393,19.496053869536752,135.6468795880883,0.612490836757754,shallow,moderate,high,neutral,0
2011-01-24,2011,1,4,-60.63216213369037,-45.86492089518771,352814.593868557,7,96.38614676317229,14.343859312955951,50402.084838365285,1.6409969329833984,0.0465,14.13045968471734,13.85906393315311,13.049860510290486,96.7672891380366,96.40152740166646,76.19844808336171,1.6409969329833984,0.0465,0.4647231720437685,0.8854560256532099,10.827807659316644,Low,1382.5493288888679,1336.0349315133067,1367.3662779644123,994.3791185884818,22.742681408325087,158.1946108010497,0.6444464728916196,shallow,moderate,high,neutral,1
2011-01-31,2011,1,5,-60.60353326462465,-45.856523786588234,88831.307436579,7,94.25698123700174,13.639276377217554,12690.186776654142,1.6409969329833984,0.0465,13.991567845086752,13.966731915550746,13.777715785733998,95.32156400008702,95.93051983769162,95.04984433076206,1.6409969329833984,0.0465,0.5680647467311558,0.8229838658936564,9.448663077033371,Low,1285.597017573676,1339.8358530924615,1333.6981298069966,1309.5697406674994,22.91936423722012,157.421688833155,0.6494530340731096,shallow,moderate,high,neutral,0
2011-02-07,2011,2,6,-60.604646033388015,-45.75922931414114,659290.261300907,7,95.17018885106026,13.56908002034152,94184.32304298671,2.4158594608306885,0.0417,13.604178198779536,13.850738570171677,13.75710963940368,94.71358504403102,95.27110561707809,95.72635045861227,1.7959694385528564,0.045540000000000004,0.6631226582407952,0.7485107481711011,11.453019642098283,Low,1291.3719080710512,1319.575177193363,1288.5004887842583,1316.9178986391098,24.87550317341362,171.10399406541362,0.6307626344856182,shallow,moderate,high,neutral,0
2011-02-14,2011,2,7,-60.542928175875595,-45.81586576434622,2758568.0763676,7,97.86141038365265,14.54918165192612,394081.1537668,2.4158594608306885,0.0417,14.059130836133818,13.919179349828397,14.003691483783976,96.51579961735646,95.76286015723821,96.16463174955757,1.9509419441223144,0.044579999999999995,0.7485107481711011,0.6631226582407953,12.88431467864546,Medium,1423.8034363854515,1332.9404255811346,1356.9282545744888,1346.6598346725016,27.155510821341384,186.82778056987564,0.6205170154153499,shallow,moderate,high,neutral,0
2011-02-21,2011,2,8,-60.5699423960512,-46.38181500573756,4180853.6575236,7,103.29588364438143,13.396036716696477,597264.8082176571,2.4158594608306885,0.0417,13.972609184311297,13.838099462988039,13.899486815827524,100.57864701401706,98.77582762636477,97.39412217585368,2.1059144496917725,0.043620000000000006,0.8229838658936564,0.5680647467311558,13.300117533182116,Medium,1383.7554499837408,1366.8697272325974,1405.3461270136588,1353.7283171223733,29.14185361537847,208.01344267862535,0.6036178985755384,shallow,moderate,high,neutral,1
2011-02-28,2011,2,9,-60.98070486694525,-48.246435577803204,6405269.0525067,7,112.64883005954373,12.679551822234306,915038.4360723858,2.4158594608306885,0.0417,13.03779426946539,13.541590063618969,13.566625317683195,107.97235685196259,104.60204136252594,100.64665883512797,2.2608869552612303,0.04266,0.8854560256532098,0.4647231720437686,13.726722442862656,High,1428.3366784540503,1416.4779639490416,1407.72137542519,1365.4355098928702,30.616004328331222,236.49339081023055,0.5776842321139851,mid,moderate,high,neutral,1
2011-03-07,2011,3,10,-60.40708650347012,-48.71533163396761,10198466.86502073,7,119.86347033445607,13.174655200512092,1456923.8378601042,1.187256932258606,0.0375,12.927103511373197,13.083414579814294,13.473701082342103,116.25615019699991,111.93606134612708,105.76795665461881,2.170138955116272,0.04086,0.9350162426854148,0.35460488704253557,14.191838496929124,High,1579.1598927932685,1464.505897022906,1502.8552874303673,1425.08583205445,28.39282764559119,242.91680720951513,0.534588319731212,mid,moderate,high,neutral,1
2011-03-14,2011,3,11,-59.65216248901549,-49.165530910443614,10052536.937839601,7,124.26222309818492,12.203718838849687,1436076.7054056574,1.187256932258606,0.0375,12.689187019680888,12.685975287198694,13.200628846043736,122.06284671632051,118.92484116406156,111.58636350404376,1.9244184494018555,0.04002,0.970941817426052,0.23931566428755804,14.177426139526462,High,1516.461232980662,1508.677596041315,1548.878290138032,1473.0101688966022,24.41312489134117,228.86115842830532,0.5076927309936917,mid,moderate,high,neutral,1
2011-03-21,2011,3,12,-58.55509004393103,-49.65167238545972,11843849.08193863,7,119.37896729450202,11.030990194877399,1691978.440276947,1.187256932258606,0.0375,11.617354516863543,12.136454744746393,12.496990554633992,121.82059519634348,121.16822024238098,115.88987488621362,1.678697943687439,0.039180000000000006,0.992708874098054,0.120536680255323,14.341409667938516,High,1316.8682177002415,1470.5526214731206,1415.233041851246,1448.2746718307267,20.37344162366143,203.40484216115166,0.47550629689916374,mid,moderate,high,neutral,1
2011-03-28,2011,3,13,-58.612630785411156,-49.78857770914441,9041104.1686584,7,116.82448557538441,10.518977707909423,1291586.309808343,1.187256932258606,0.0375,10.77498395139341,11.251228913878835,11.92157875287658,118.10172643494323,120.15522532269044,118.59559527241422,1.4329774379730225,0.03834,1.0,-1.6081226496766366e-16,14.07138249264715,High,1228.8741595054546,1351.893945304281,1272.5442069683681,1413.8467287843637,16.122757183058084,172.1797269419802,0.4313721165581145,mid,moderate,high,neutral,1
2011-04-04,2011,4,14,-58.61307075128452,-49.69440419955207,5786650.9526347,7,115.11070062104268,9.926712424461146,826664.4218049571,0.5999167561531067,0.0352,10.222845066185283,10.492226775749321,11.37101087332195,115.96759309821357,117.10471783030971,119.08796938471403,1.069788897037506,0.037040000000000003,0.992708874098054,-0.12053668025532288,13.62515532359203,Medium,1142.6708220433318,1228.6892559857445,1185.518736941455,1354.1505947554147,11.224467709896254,125.2773269255754,0.3886320797737549,mid,moderate,high,neutral,0
2011-04-11,2011,4,15,-58.81970418329569,-49.543130199280036,1978600.94902318,7,118.67916215541489,9.629700027487145,282657.27843188285,0.5999167561531067,0.0352,9.778206225974145,10.025130053285904,10.662019838716962,116.8949313882288,116.87144945061398,118.85110774890578,0.9523208618164063,0.03658,0.9709418174260521,-0.2393156642875575,12.55199395031024,Medium,1142.8447310701501,1171.6514802584347,1143.0227458851994,1267.1928686723206,9.547140492166788,111.29911946254127,0.3667192573491984,mid,moderate,moderate,neutral,0
2011-04-18,2011,4,16,-60.009387240265596,-47.96465107454673,844343.586416418,7,123.60583245677347,9.703388575732593,120620.51234520257,0.5999167561531067,0.0352,9.666544301609868,9.753267009226962,10.161953786093541,121.14249730609419,119.13189841107699,118.7198296206235,0.8348528265953064,0.03612,0.9350162426854148,-0.35460488704253545,11.70041292503119,Low,1199.3954225549726,1161.925214519335,1171.0293170170135,1206.425422097675,8.142542531191879,99.45760212615251,0.35228800437327784,mid,moderate,moderate,neutral,0
2011-04-25,2011,4,17,-60.62132199210787,-47.01210744101401,663625.6554133301,7,124.3718597346074,9.690596550808886,94803.66505904715,0.5999167561531067,0.0352,9.696992563270738,9.67456171800954,9.893875057279839,123.98884609569045,122.21895144893192,119.71840810864458,0.7173847913742065,0.035660000000000004,0.8854560256532099,-0.4647231720437685,11.459573896526534,Low,1205.237514961873,1182.4147889031035,1202.3189185184303,1184.478971883367,6.940383439711159,87.6780169871663,0.34499487086422026,mid,cold,moderate,neutral,0
2011-05-02,2011,5,18,-60.2516492085,-46.07920745286264,149668.00093422,7,131.17327672327673,9.126508344415686,21381.142990602857,0.4500962644815445,0.0357,9.408552447612285,9.506831156985722,9.615381184581091,127.77256822894208,126.38365630488586,122.58816633822303,0.5699526578187942,0.035300000000000005,0.8229838658936565,-0.5680647467311557,9.970311413026664,Low,1197.154004579333,1201.5080814930639,1202.1549095481207,1178.731948060847,5.418443685358535,72.0327008158267,0.33559113984159605,mid,cold,moderate,neutral,0
2011-12-26,2012,1,52,-60.66236503857143,-45.91107039285714,38102.268301,1,82.0,14.942857142857141,38102.268301,1.0508307218551636,0.0526,12.034682743636413,11.253320679360572,10.61861012826029,106.58663836163838,112.51504548596137,115.96602621401448,0.6601354509592057,0.03878,6.432490598706546e-16,1.0,10.548055339640433,Low,1225.3142857142857,1266.1678881063644,1282.7363773930242,1231.3980204902323,7.428715921458246,74.27517029157065,0.436403775945603,mid,moderate,moderate,neutral,1
2012-01-02,2012,1,1,-60.66868346750567,-46.07696659208617,368339.035412,7,81.38321995464854,14.356009070294785,52619.86220171429,1.0508307218551636,0.0526,14.649433106575962,12.808458185855871,11.563871936821817,81.69160997732428,98.18549889264176,108.50683777386124,0.750318244099617,0.04226,0.12053668025532305,0.992708874098054,10.870867939916415,Low,1168.33824383873,1257.6048570238,1196.7357757313055,1254.7591762864315,9.610419855634744,73.67037112517185,0.5412854429342691,mid,moderate,moderate,neutral,1
2012-01-09,2012,1,2,-60.651845843097526,-46.01056403141895,954156.904531,7,81.38846153846154,14.516991758241758,136308.12921871428,1.0508307218551636,0.0526,14.43650041426827,14.60528599046456,12.52659257332365,81.38584074655506,81.59056049770335,100.06336359019885,0.8405010372400283,0.045739999999999996,0.23931566428755774,0.970941817426052,11.822680594309682,Low,1181.5156253698226,1191.6534701912578,1174.9267236532137,1253.4529872107692,12.275758024172717,68.57695072731495,0.6680457812038489,mid,moderate,moderate,neutral,1
2012-01-16,2012,1,3,-60.55281784086776,-45.88995708218196,1636405.276515,7,79.44596171802053,14.917705415499531,233772.1823592857,1.0508307218551636,0.0526,14.717348586870644,14.596902081345357,13.572014346261778,80.41721162824105,80.7392144037102,91.07818398688147,0.9306838303804398,0.04922,0.3546048870425356,0.9350162426854148,12.362106618106212,Medium,1185.1514533604832,1178.5424067757065,1183.528135916971,1236.114419701425,13.585100740754712,75.14268132315259,0.7184595204438184,shallow,moderate,moderate,neutral,1
2012-01-23,2012,1,4,-60.604588024223965,-46.11886028270245,1446575.352367,7,82.01225815574132,15.278987284463748,206653.6217667143,1.0508307218551636,0.0526,15.09834634998164,14.904561486068346,14.802510134271392,80.72910993688095,80.94889380407446,81.24598027337439,1.0508307218551636,0.0526,0.4647231720437685,0.8854560256532099,12.238804184885591,Medium,1253.06424953173,1206.5077649320447,1218.876062352773,1202.644446365438,15.66217110533987,85.06358450951254,0.783979934167195,shallow,moderate,high,high,1
2012-01-30,2012,1,5,-60.634459047294605,-46.09436457508633,1745093.975387,7,87.55737531699624,15.670438679218458,249299.139341,1.0508307218551636,0.0526,15.474712981841101,15.28904379306058,14.948026441543655,84.7848167363688,83.00519839691935,82.35745533677364,1.0508307218551636,0.0526,0.5680647467311558,0.8229838658936564,12.426412828444505,Medium,1372.0624808183054,1269.070113342182,1312.020704213305,1231.081420032343,16.066196925537056,87.22441254916583,0.8042037035149865,shallow,moderate,high,high,1
2012-02-06,2012,2,6,-60.7160593438579,-46.61539083279752,3709124.824697,7,95.28462095941215,14.852294145359968,529874.9749567143,0.7815114259719849,0.0502,15.261366412289213,15.26724003634739,15.047283456556693,91.42099813820421,88.28475147738324,85.13773553772634,0.9969668626785279,0.05212,0.6631226582407952,0.7485107481711011,13.180398248630059,Medium,1415.195218018321,1347.8644923544848,1395.2093503643443,1281.0916394855285,15.22093240079727,88.0169717027603,0.7957285506944259,shallow,warm,moderate,high,1
2012-02-13,2012,2,7,-60.66749197809171,-47.359902397511995,4308060.9913274,7,109.40834592894524,13.756896965268066,615437.284475343,0.7815114259719849,0.0502,14.304595555314016,14.759876596615499,14.895264497961955,102.34648344417872,97.41678073511787,90.7417124158231,0.9431030035018921,0.05164,0.7485107481711011,0.6631226582407953,13.33008995065386,Medium,1505.1193420849054,1437.8596620898898,1464.0250521776184,1351.6218074316835,13.920083949585361,91.87405850277493,0.7622000274492243,shallow,moderate,moderate,high,1
2012-02-20,2012,2,8,-60.14419515343908,-48.80743411372443,4722690.24832788,7,126.16837245574504,12.577986407570304,674670.0354754115,0.7815114259719849,0.0502,13.167441686419185,13.72905917273278,14.427320696376109,117.78835919234515,110.28711311470083,100.086194563368,0.8892391443252563,0.051160000000000004,0.8229838658936564,0.5680647467311558,13.421980496208933,Medium,1586.9440738136286,1514.1383019416012,1550.971351004202,1443.975626245605,12.208416831151709,98.07161809621932,0.7023786672770091,mid,moderate,moderate,high,1
2012-02-27,2012,2,9,-60.636468497066105,-48.850575435011365,7463720.96799565,7,133.05952290984786,12.250989197225778,1066245.852570807,0.7815114259719849,0.0502,12.414487802398039,12.861957523354716,13.821721078928515,129.61394768279646,122.87874709817937,110.2956475141893,0.8353752851486206,0.05068,0.8854560256532098,0.4647231720437686,13.879655425916665,High,1630.110777756562,1580.4612256998298,1609.0907725287343,1524.4756761609397,10.744561433641891,102.64986839584682,0.651844007283617,mid,moderate,moderate,high,1
2012-03-05,2012,3,10,-60.62235965918152,-48.94493269672597,10065211.6472448,7,140.03088911274685,12.219294624437648,1437887.3781778286,0.85484302,0.0468,12.235141910831711,12.349423409744576,13.131492267972352,136.54520601129735,133.08626149277993,120.79035027333944,0.796177744777588,0.04952,0.9350162426854148,0.35460488704253557,14.17868619128705,High,1711.0786905906118,1643.5385931943244,1670.6499727919743,1586.1575506600288,9.832336079673986,105.96031953620187,0.6115434472505514,mid,moderate,moderate,neutral,1
2012-03-12,2012,3,11,-60.08405688590405,-48.94642045613659,7504771.3154037,7,135.8434384279769,11.95123720937525,1072110.1879148143,0.85484302,0.0468,12.085265916906447,12.140507010346225,12.55128088077541,137.9371637703619,136.31128348352385,128.90211376705238,0.8108440635831909,0.04884,0.970941817426052,0.23931566428755804,13.885140335305053,High,1623.4971559899134,1654.888092721013,1667.0073039886975,1617.8866360159413,9.844058038229349,110.52719501202078,0.5929423623853096,mid,moderate,moderate,neutral,1
2012-03-19,2012,3,12,-59.67402237868132,-49.231329972261946,4620478.10624767,7,131.5485161227755,11.237737036459146,660068.3008925243,0.85484302,0.0468,11.594487122917197,11.802756290090679,12.047448895013625,133.6959772753762,135.80761455449976,133.33014780581843,0.8255103823887939,0.04816,0.992708874098054,0.120536680255323,13.400100109844177,Medium,1478.3076317241575,1602.9041769253326,1550.1362869051798,1606.2881418552106,9.743297858274499,112.11059582219504,0.5684207429307672,mid,moderate,moderate,neutral,1
2012-03-26,2012,3,13,-59.29132446850124,-49.6723491005708,6808422.491427341,7,127.65491764363735,10.517545774725352,972631.7844896201,0.85484302,0.0468,10.877641405592248,11.235506673519916,11.635360768444636,129.60171688320645,131.68229073146324,133.62745684339689,0.840176701194397,0.04748,1.0,-1.6081226496766366e-16,13.787761884476067,High,1342.6164396857507,1479.517256297745,1409.7610018046105,1554.8036689426888,9.439810933205596,110.63639263248231,0.5334618568587256,mid,moderate,moderate,neutral,0
2012-04-02,2012,4,14,-59.26907933527256,-49.474802007462316,4122206.87662794,7,133.69098432336983,10.132302336006575,588886.6966611344,0.5903360843658447,0.0444,10.324924055365962,10.629195049063691,11.211623396200796,130.6729509835036,130.96480602992756,133.75374912610127,0.801941632873169,0.04632,0.992708874098054,-0.12053668025532288,13.285990776648083,Medium,1354.5974727626985,1392.0504678548925,1349.1882949952335,1499.5966630317687,8.52399403377354,105.02613039655796,0.4923443146726302,mid,moderate,moderate,neutral,0
2012-04-09,2012,4,15,-60.22627583537349,-48.803413636818746,6105310.6821082,7,146.26464483443087,10.106326005943677,872187.2403011714,0.5903360843658447,0.0444,10.119314170975125,10.252058038891867,10.789029672502,139.97781457890036,135.87018226714602,135.0005002704381,0.7490402457463379,0.045840000000000006,0.9709418174260521,-0.2393156642875575,13.67876055150029,High,1478.1981838403242,1392.9489943575977,1416.479482690395,1456.524403220371,7.679204072857283,101.77223471498277,0.46995434050280327,mid,moderate,moderate,neutral,0
2012-04-16,2012,4,16,-60.578546996765034,-49.01876023765511,3941764.42500484,7,143.75798828141382,9.989576383119257,563109.2035721199,0.5903360843658447,0.0444,10.047951194531466,10.076068241689837,10.396697507250801,145.01131655792236,141.23787247973817,136.58341024112548,0.6961388586195069,0.04536,0.9350162426854148,-0.35460488704253545,13.241230631435704,Medium,1436.0814046207463,1423.122441416929,1457.0666314287564,1420.0164007857227,7.014342645142225,98.3211713418924,0.457050455443051,mid,moderate,moderate,neutral,0
2012-04-23,2012,4,17,-60.520142407926436,-49.167285402036306,4623306.48254594,7,144.95002635653117,9.486348124731576,660472.35464942,0.5903360843658447,0.0444,9.737962253925415,9.860750171264836,10.046419724905288,144.3540073189725,144.99088649079195,139.2637122878766,0.6432374714926758,0.044879999999999996,0.8854560256532099,-0.4647231720437685,13.400712060950502,Medium,1375.046410707072,1429.7189087959173,1405.7138744750273,1399.1017060924582,6.3428040071853635,93.26357121581859,0.4425504676863658,mid,moderate,moderate,neutral,0
2012-04-30,2012,4,18,-60.551637083928206,-49.33927581792476,1606637.73220838,7,143.8601956368315,9.318886709276457,229519.67602976857,0.5903360843658447,0.0444,9.402617417004016,9.598270405709096,9.806687911815507,144.40511099668134,144.18940342492547,142.50476788651545,0.5903360843658447,0.0444,0.8229838658936565,-0.5680647467311557,12.343748396062065,Medium,1340.6168651139799,1383.968883710312,1357.7860117617943,1397.4997846087658,5.666205367990876,85.12020782491763,0.4261632060134839,mid,cold,moderate,neutral,0
2012-05-07,2012,5,19,-60.73559444424425,-49.019630794722,1807014.91365663,7,153.4868850016091,9.007050556498774,258144.98766523288,0.557634711,0.0453,9.162968632887615,9.270761796835602,9.581637555913947,148.6735403192203,147.43236899832394,146.4639480221633,0.5837958096926757,0.044579999999999995,0.7485107481711013,-0.6631226582407951,12.461280547542161,Medium,1382.4641329690064,1366.8103741266311,1362.290986485368,1403.364464956588,5.412231889651566,86.07039923428587,0.4132905609029311,mid,cold,moderate,neutral,1
2012-05-14,2012,5,20,-60.700317589527415,-49.136575750216444,367180.352367695,7,148.00921479378073,8.833730158730159,52454.33605252786,0.557634711,0.0453,8.920390357614465,9.05322247483513,9.327118386471245,150.74804989769493,148.45209847740713,146.81286201403327,0.5772555350195068,0.04476,0.6631226582407952,-0.7485107481711012,10.867717344655938,Low,1307.4734644937907,1343.9698743721,1344.731450736582,1369.3409446615556,5.226022783361576,85.69479553134416,0.4052222379736204,mid,cold,moderate,neutral,1
2012-05-21,2012,5,21,-60.56042295402778,-48.11178248254629,65030.170478822,6,155.69846373704897,8.396296296296297,10838.361746470333,0.557634711,0.0453,8.615013227513227,8.745692337175077,9.008462369106653,151.85383926541488,152.39818784414626,149.20095710516028,0.5707152603463379,0.04494,0.5680647467311558,-0.8229838658936564,9.290939393875522,Low,1307.2904344144076,1332.827663627918,1308.2228339202165,1344.0712075165322,4.9913000791198465,86.97597145178204,0.393031413632648,mid,cold,moderate,neutral,1
2012-12-31,2013,1,1,-60.491324629611114,-45.67817356226191,117668.63291841799,6,86.79959037378393,10.795714285714284,19611.438819736333,2.3256125450134277,0.0585,9.59600529100529,9.341913580246914,9.270335601303193,121.24902705541646,130.1690896348712,137.57086990861086,0.9177705524758544,0.047760000000000004,0.12053668025532305,0.992708874098054,9.883919277634833,Low,937.0635777924073,1216.028386188381,1163.50630515302,1275.3281330160455,8.573733187724896,119.46535730947475,0.44616979259259265,mid,cold,moderate,neutral,1
2013-01-07,2013,1,2,-60.47978291615363,-45.52072774201247,385670.69979600003,7,89.1279655231268,11.474263038548754,55095.81425657143,2.3256125450134277,0.0585,11.13498866213152,10.222091206853113,9.701410867157653,87.96377794845537,110.54200654465323,126.6244238858699,1.264825844605371,0.05058,0.23931566428755774,0.970941817426052,10.916847176002568,Low,1022.6777205030616,1129.9704730879992,979.4756701343051,1228.4355619339553,12.929165144341125,139.81638679221348,0.5170333732426304,mid,cold,high,high,1
2013-01-14,2013,1,3,-60.615568979359004,-45.769375405648425,328407.59864820004,7,89.70072598932047,12.921917130488557,46915.37123545715,2.3256125450134277,0.0585,12.198090084518654,11.730631484917197,10.48438418195561,89.41434575622365,88.54276062874374,113.86719208341219,1.6184214114080564,0.05322,0.3546048870425356,0.9350162426854148,10.756121960400122,Low,1159.1053477786604,1038.662495593028,1090.6842443827143,1193.827387523028,18.985105164527475,143.29949962673712,0.6243042076272932,mid,moderate,high,high,1
2013-01-21,2013,1,4,-60.63323557060749,-45.845578283927466,167663.70606976998,7,94.35956874874078,13.736176900584795,23951.95800996714,2.3256125450134277,0.0585,13.329047015536675,12.710785689874035,11.464873530326537,92.03014736903064,91.06275342039602,103.13726287440417,1.9720169782107422,0.05586,0.4647231720437685,0.8854560256532099,10.083847102977412,Low,1296.1397285955961,1157.4791430564976,1226.6741611285784,1182.4556751190862,25.06588518682974,179.5772958276393,0.7100244886363636,mid,moderate,high,high,1
2013-01-28,2013,1,5,-60.537586186092696,-46.15198294840133,835006.79465907,7,94.3703363476524,13.402665191698171,119286.68495129571,2.3256125450134277,0.0585,13.569421046141482,13.353586407590507,12.466147309406912,94.36495254819661,92.81021036190454,90.87163739652487,2.3256125450134277,0.0585,0.5680647467311558,0.8229838658936564,11.689293375199384,Low,1264.8140220955295,1239.3491635743442,1280.4777731256413,1132.819218032089,31.055268070413273,215.84058952298042,0.7811848048440447,shallow,moderate,high,high,1
2013-02-04,2013,2,6,-60.696255082013415,-46.398905893366496,746828.9335738299,7,96.22293437088915,13.340379563693165,106689.84765340427,1.2283204793930054,0.056,13.371522377695667,13.493073885325378,12.975080365002688,95.2966353592708,94.98427982242744,92.75630619594592,2.106154131889343,0.05800000000000001,0.6631226582407952,0.7485107481711011,11.577690657176012,Low,1283.6504672399983,1281.629905588434,1274.2610922255935,1203.520527253195,28.418493315466236,200.0515334125391,0.7825982853488721,shallow,moderate,high,high,0
2013-02-11,2013,2,7,-60.65131471370722,-46.26353043892109,806262.85779449,7,100.96893662319007,13.511450292094718,115180.4082563557,1.2283204793930054,0.056,13.425914927893942,13.418165015828684,13.382517815711882,98.59593549703962,97.18740244724387,95.12450041595858,1.8866957187652589,0.05750000000000001,0.7485107481711011,0.6631226582407953,11.654263627564802,Low,1364.2367682298946,1304.0766034968708,1323.7406422193724,1273.005321527258,25.31599448904975,183.36305611513126,0.7715444884101494,shallow,moderate,high,high,0
2013-02-18,2013,2,8,-60.57461611339549,-46.060438773753205,1834297.38935266,7,103.90057371150499,13.124274250472066,262042.48419323712,1.2283204793930054,0.056,13.317862271283392,13.325368035419984,13.422989239708581,102.43475516734755,100.36414823519475,97.96446996039548,1.6672373056411742,0.05700000000000001,0.8229838658936564,0.5680647467311558,12.476265739178714,Medium,1363.6196241711798,1337.389212795417,1364.2119611113694,1314.976026152143,22.216550700050643,167.3308520866175,0.7595459780189392,shallow,moderate,high,high,0
2013-02-25,2013,2,9,-60.65414877251764,-47.0464293261711,3191841.37231522,7,121.27857494528847,12.413874728248015,455977.3389021743,1.2283204793930054,0.056,12.76907448936004,13.016533090271599,13.158528805241227,112.58957432839674,108.71602842666118,103.34827119970501,1.4477788925170898,0.05650000000000001,0.8854560256532098,0.4647231720437686,13.030200584962929,Medium,1505.5370365912493,1415.105781458543,1437.6646613246369,1359.9112035532007,18.84506186184547,157.396771234408,0.7354341196003454,mid,moderate,high,high,1
2013-03-04,2013,3,10,-60.63031845620738,-46.89959452643671,6069852.77154,7,123.5199753621329,12.035617453330573,867121.8245057144,0.6241989731788635,0.0531,12.224746090789292,12.524588810683552,12.885119257567709,122.3992751537107,116.23304133964211,109.17819900260113,1.107496178150177,0.055420000000000004,0.9350162426854148,0.35460488704253557,13.672935911826695,High,1486.639171303449,1455.7710489942003,1496.300060450768,1406.7741144749755,13.870934240734506,128.7276490584252,0.6941127118880825,mid,moderate,high,high,0
2013-03-11,2013,3,11,-60.62164257130486,-47.423026743728194,9219231.389718499,7,137.30216394459856,10.46169258320286,1317033.0556740712,0.6241989731788635,0.0531,11.248655018266716,11.637061588260481,12.309381861469646,130.41106965336573,127.36690475067331,117.394044917343,0.9866718769073486,0.05484,0.970941817426052,0.23931566428755804,14.090892838914305,High,1436.4130301969099,1482.1765148896918,1466.9491330938627,1445.0481271500948,11.48196139897538,125.66934296622634,0.6381764575002048,mid,moderate,moderate,high,0
2013-03-18,2013,3,12,-60.555153988135075,-48.309885016382125,5978196.0431928,7,146.89580868071775,10.292391674246275,854028.0061704001,0.6241989731788635,0.0531,10.377042128724566,10.929900570259903,11.665570137899959,142.09898631265816,135.90598266248307,126.57941932884853,0.8658475756645203,0.054259999999999996,0.992708874098054,0.120536680255323,13.657720437265803,High,1511.9091982470932,1485.4388774044062,1474.5671674155092,1476.6210941953323,9.463627911013795,117.6738656066153,0.5930564049423023,mid,moderate,moderate,high,0
2013-03-25,2013,3,13,-61.154871168489805,-48.65595089640697,6464502.74740919,7,144.97831633905489,10.30677046703542,923500.3924870271,0.6241989731788635,0.0531,10.299581070640848,10.353618241494852,11.102069381212628,145.93706250988632,143.05876298812373,134.7949678543585,0.7450232744216919,0.053680000000000005,1.0,-1.6081226496766366e-16,13.7359275864579,High,1494.2582292038896,1481.1758180795264,1503.0906065317552,1496.503085357414,7.713686564390654,106.58210803612869,0.5557822272034437,mid,moderate,moderate,high,1
2013-04-01,2013,4,14,-61.798245502199826,-49.131399855754765,9313067.11636865,7,135.9134255668544,10.257098027044165,1330438.1594812355,0.5945006012916565,0.0506,10.281934247039793,10.28542005610862,10.670714040971859,140.44587095295464,142.59585019554234,137.7219379786717,0.6182592988014222,0.0526,0.992708874098054,-0.12053668025532288,14.101019640794958,High,1394.0773292305962,1466.6582175190915,1444.0552104065155,1469.5914173388676,6.3590565917678,88.16121035388865,0.5410130949513134,mid,moderate,moderate,high,0
2013-04-08,2013,4,15,-62.11528289419188,-49.38773570508972,8959705.02583303,7,135.07428332061946,9.972297047095458,1279957.8608332898,0.5945006012916565,0.0506,10.11469753706981,10.178721847058348,10.258049959724836,135.49385444373692,138.65534174217623,140.03279957036904,0.6123196244239807,0.0521,0.9709418174260521,-0.2393156642875575,14.062338495406088,High,1347.0008766967487,1411.3341562024307,1370.4793558301612,1436.4634539929802,6.232631138506934,84.90138677994804,0.53031140823174,mid,moderate,moderate,high,0
2013-04-15,2013,4,16,-62.151814991291765,-49.83007026242421,8514001.26171829,7,138.12322008350029,9.663640968354125,1216285.8945311843,0.5945006012916565,0.0506,9.817969007724791,9.964345347497916,10.098439636755089,136.59875170205987,136.37030965699137,140.19701079814936,0.6063799500465393,0.0516,0.9350162426854148,-0.35460488704253545,14.011313246683876,High,1334.7732082799066,1358.8408605674922,1341.1223107047178,1415.7710507986128,6.042179234062253,82.69222155763752,0.5141602199308924,mid,moderate,moderate,high,0
2013-04-22,2013,4,17,-62.31316624767028,-50.168526095191304,7641009.0966522,7,138.26074715823628,9.457990430427703,1091572.7280931715,0.5945006012916565,0.0506,9.560815699390913,9.697976148625761,9.931559387991374,138.19198362086829,137.15275018745203,138.46999849365307,0.6004402756690979,0.0511,0.8854560256532099,-0.4647231720437685,13.903131000189003,High,1307.668823526383,1330.104100036337,1321.2280865323694,1375.2230134947915,5.823055472113188,82.3520351313286,0.49556658119477637,mid,cold,moderate,high,0
2013-04-29,2013,4,18,-61.72830271193731,-50.16372226218867,13772129.23318,7,137.85204394610443,9.328887587606832,1967447.0333114285,0.5945006012916565,0.0506,9.393439009017268,9.48350632879622,9.735982812105657,138.05639555217036,138.078670395947,137.04474401506297,0.5945006012916565,0.0506,0.8229838658936565,-0.5680647467311557,14.492247846377193,High,1286.0062216950453,1309.4699445717308,1296.8243314240751,1334.2652722200728,5.637950214822583,82.08785257594295,0.4798654202370888,mid,cold,moderate,high,0
2013-05-06,2013,5,19,-61.82750166270726,-50.16442295929823,9212411.8616216,7,139.60888773371067,8.903342871987752,1316058.8373745142,0.339175284,0.0489,9.116115229797291,9.23007363000743,9.465231781094374,138.73046583990754,138.57389294601714,137.78383644843422,0.5434355378333252,0.05025999999999999,0.7485107481711013,-0.6631226582407951,14.09015285896404,High,1242.9857954700713,1279.0472350885054,1264.682912480054,1304.155947672829,5.01595002736428,75.30597804277646,0.46390350064417335,mid,cold,moderate,high,0
2013-05-13,2013,5,20,-61.02044398224204,-50.092511238537405,7994179.208083101,7,142.138741866395,8.825764834664621,1142025.6011547286,0.339175284,0.0489,8.864553853326186,9.019331764753069,9.235925338608206,140.87381480005286,139.8665578487367,139.19672815758935,0.49237047437499387,0.04992,0.6631226582407952,-0.7485107481711012,13.948314962408178,High,1254.483109607901,1261.5028880317836,1248.783517818568,1285.6105886420378,4.440852659556919,68.86616343718002,0.4502450416964732,mid,cold,moderate,neutral,1
2013-05-20,2013,5,21,-61.21011238780644,-49.93620142295002,5216650.8484879,7,145.76444123190365,8.385650278327622,745235.8354982714,0.339175284,0.0489,8.605707556496121,8.704919328326666,8.980327200602906,143.95159154914933,142.5040236106698,140.72497238727001,0.4413054109166626,0.04958,0.5680647467311558,-0.8229838658936564,13.52145734684122,Medium,1222.3296271865831,1240.4860294928392,1238.8052991641575,1263.7562973334936,3.8415280011835975,62.88779669678443,0.4315899002984361,mid,cold,moderate,neutral,1
2013-05-27,2013,5,22,-60.809115041795316,-48.237751405773174,4603041.4936011005,7,142.52232940591355,7.889484277496245,657577.3562287287,0.339175284,0.0489,8.137567277911932,8.366966463496162,8.666625970016614,144.1433853189086,143.47517083473738,141.57728883680548,0.3902403474583313,0.04924,0.46472317204376906,-0.8854560256532096,13.396319208906494,Medium,1124.4276770400957,1200.4519427186303,1172.9764956986019,1226.9974081976018,3.2651278998869477,55.98980051819136,0.411989428662551,mid,cold,moderate,neutral,1
2013-06-03,2013,6,23,-57.96747178,-41.97362703,617.2328522,1,170.0,7.0,617.2328522,0.3089579939842224,0.0475,7.444742138748122,7.758378185274623,8.200848452495247,156.26116470295676,152.7622568792724,148.0068800475846,0.3331318259968445,0.04862,0.35460488704253584,-0.9350162426854147,6.426865171605274,Low,1190.0,1185.1873613054652,1163.324077513963,1213.7819931968838,2.58456269163462,50.88996957759103,0.37721234736805215,mid,cold,moderate,neutral,1
2013-12-30,2014,1,1,-45.6235379554,-60.5653488061,153617.6037499,5,90.65,11.037,30723.52074998,1.3160313367843628,0.0582,9.0185,8.642161425832082,8.627579878097697,130.325,134.39077646863782,138.21510250084245,0.5285030365537171,0.050480000000000004,0.12053668025532305,0.992708874098054,10.332816336297288,Low,1000.5040500000001,1161.4267843848836,1175.3360125,1192.461837185479,4.567408555939657,71.02593344848692,0.4362563087760035,mid,cold,moderate,high,1
2014-01-06,2014,1,2,-45.515727852193876,-60.483561932071424,230601.385515,7,82.92602040816327,10.527193877551019,32943.05507357143,1.3160313367843628,0.0582,10.78209693877551,9.521397959183673,8.967865686674978,86.78801020408164,114.52534013605442,126.37255820919611,0.7238742471105896,0.05234,0.23931566428755774,0.970941817426052,10.402566101029512,Low,872.9782943304872,1090.4413398462445,935.7567391438464,1133.2921285015861,6.892294779144385,82.90194436607058,0.4983499691836734,mid,cold,moderate,high,0
2014-01-13,2014,1,3,-45.68398465489286,-60.581282309202386,503613.08512299997,7,81.22023809523809,11.260079365079365,71944.72644614286,1.3160313367843628,0.0582,10.893636621315192,10.941424414210127,9.542751504025327,82.07312925170068,84.93208616780045,113.463717581863,0.9192454576674622,0.054200000000000005,0.3546048870425356,0.9350162426854148,11.183667314403374,Low,914.5463270030234,929.27800114617,894.0748464422617,1082.756061606628,10.057854693174534,78.07343441997206,0.5930252032501889,mid,cold,moderate,high,0
2014-01-20,2014,1,4,-45.8139517489293,-60.58057561534055,565813.524016,7,84.64877344877345,11.768571428571429,80830.50343085713,1.3160313367843628,0.0582,11.514325396825395,11.18528155706727,10.318568934240364,82.93450577200576,82.9316773173916,101.88900639043496,1.1146166682243348,0.05606,0.4647231720437685,0.8854560256532099,11.300122062478916,Low,996.195136672851,927.6141607948744,954.9348860837683,1051.3487360809602,12.467301262289421,92.43702986176667,0.6270468840891912,mid,moderate,high,high,0
2014-01-27,2014,1,5,-45.97235580573648,-60.51955996270998,969905.796187,7,88.30409394527042,11.896371471665589,138557.97088385714,1.3160313367843628,0.0582,11.832471450118508,11.641674088438792,11.29784322857348,86.47643369702195,84.72436849642732,85.54982517948905,1.3160313367843628,0.0582,0.5680647467311558,0.8229838658936564,11.839051296552002,Low,1050.498304041793,986.3334853841978,1023.2299328280783,966.5285131097354,15.320807913015981,111.4999239305642,0.6775454319471378,shallow,moderate,high,high,0
2014-02-03,2014,2,6,-45.91268940526253,-60.50806362449886,1033323.7984152001,7,89.8043330385266,12.156761811665037,147617.68548788573,0.7043156027793884,0.0553,12.026566641665312,11.940568237300687,11.521795590906487,89.05421349189851,87.58573347752349,85.38069178719437,1.193688189983368,0.057620000000000005,0.6631226582407952,0.7485107481711011,11.902387778589137,Low,1091.729886404809,1045.8234272024004,1071.0164332814074,983.7388781822418,14.25331528655635,104.5500556631507,0.6880155418332656,shallow,moderate,high,high,0
2014-02-10,2014,2,7,-45.82417526372335,-60.57012221897361,1585541.2285629,7,89.191121140764,12.44202616431188,226505.88979470002,0.7043156027793884,0.0553,12.299393987988458,12.165053149214168,11.904762048258661,89.4977270896453,89.09984937485366,86.63371193371451,1.071345043182373,0.05704,0.7485107481711011,0.6631226582407953,12.330530641966654,Medium,1109.7182628576961,1083.9044032320717,1100.767806505015,1031.353725928258,13.032969391460716,95.45668197604553,0.6938946316311762,shallow,moderate,high,high,0
2014-02-17,2014,2,8,-46.35260387002096,-60.63384530799092,5174714.047849501,7,102.34495449086562,12.870546373905357,739244.8639785001,0.7043156027793884,0.0553,12.656286269108618,12.489778116627425,12.226855450023859,95.76803781581481,93.7801362233854,90.85865521284002,0.9490018963813782,0.056459999999999996,0.8229838658936564,0.5680647467311558,13.513385842811687,Medium,1317.2354829099193,1171.2930931771778,1212.0677020277717,1110.9156436709516,11.852823118062066,88.99752711889673,0.7051728724647844,shallow,moderate,moderate,high,0
2014-02-24,2014,2,9,-46.50149545598242,-60.6099265213854,6659713.9777805,7,111.0879409637002,12.689612033691834,951387.7111115,0.7043156027793884,0.0553,12.780079203798595,12.667394857303023,12.411063571047938,106.71644772728291,100.87467219844326,96.14648871582537,0.8266587495803833,0.055880000000000006,0.8854560256532098,0.4647231720437686,13.765677997356526,High,1409.662872451018,1277.8193038386885,1363.8446543027082,1193.280183585152,10.471612793179096,83.38893038389617,0.707854024626093,shallow,moderate,moderate,high,0
2014-03-03,2014,3,10,-48.347469816708,-60.62158583833383,8751940.5976659,7,135.87262133953914,12.122556069768397,1250277.2282379859,0.7644381523132324,0.0532,12.406084051730115,12.560904825788528,12.4563004906685,123.48028115161966,116.43517226470165,105.66019419467912,0.7163401126861573,0.05488,0.9350162426854148,0.35460488704253557,14.038876667101842,High,1647.1234705349732,1462.5311171912094,1531.9067466982594,1316.1351287913105,8.99787997834545,83.40718442072851,0.6893424568392744,mid,moderate,moderate,high,0
2014-03-10,2014,3,11,-48.732828253539786,-60.36361789580027,10577341.1045153,7,131.48300911478992,11.529131891186685,1511048.7292164713,0.7644381523132324,0.0532,11.82584398047754,12.113766664882306,12.330774506572832,133.67781522716453,126.14785713934309,113.99592940993178,0.728364622592926,0.054459999999999995,0.970941817426052,0.23931566428755804,14.22831515217424,High,1515.8849535345141,1528.1257066609096,1580.8529865275525,1405.6581002210628,8.823239085045769,91.88163635620397,0.6597157325694903,mid,moderate,moderate,high,0
2014-03-17,2014,3,12,-48.738821254716356,-60.42961257483994,12257339.4773027,7,123.52446405289353,10.903856666496836,1751048.4967575285,0.7644381523132324,0.0532,11.21649427884176,11.518514875817305,12.023140607009822,127.50373658384173,130.29336483574085,120.86259799235768,0.7403891324996948,0.05404,0.992708874098054,0.120536680255323,14.375725878577505,High,1346.893050838592,1500.7860610807722,1430.1449319236076,1453.1480097906194,8.528183236591204,96.46779136120041,0.6224605438891672,mid,moderate,moderate,high,0
2014-03-24,2014,3,13,-48.80114349482441,-60.47175576024762,19049608.615779,7,122.47487824675325,10.660612304362303,2721372.659397,0.7644381523132324,0.0532,10.78223448542957,11.031200287348609,11.581153793101212,122.9996711498234,125.82745047147891,124.8885827435352,0.7524136424064636,0.05362,1.0,-1.6081226496766366e-16,14.81664733262907,High,1305.6571940126125,1388.027807797321,1326.2112959681224,1446.3538837553272,8.300025588319194,94.67429032396434,0.5914929594076325,mid,moderate,moderate,high,0
2014-03-31,2014,3,14,-49.0768632712299,-60.51644799293034,22287230.7167544,7,117.09618066961967,10.254383268962288,3183890.1023934856,0.7644381523132324,0.0532,10.457497786662294,10.606284079940474,11.094108040155302,119.78552945818646,121.03184098975548,126.09023068471909,0.7644381523132324,0.0532,0.992708874098054,-0.12053668025532288,14.973614623852256,High,1200.7491159179333,1283.6980882555306,1252.656909183156,1398.8586420243787,8.107848204978948,92.52135689727763,0.5642543130528332,mid,moderate,moderate,high,0
2014-04-07,2014,4,15,-48.95342859256469,-60.40640978354437,19559208.2256062,7,119.03719540125856,10.096018618367253,2794172.6036580284,0.4957672655582428,0.0507,10.17520094366477,10.337004730563947,10.688800549875072,118.06668803543911,119.53608477254382,122.72314549706297,0.7107039749622345,0.052700000000000004,0.9709418174260521,-0.2393156642875575,14.84304695132083,High,1201.8017410493271,1235.6450737668786,1201.352275513574,1311.7632250714053,7.346550351215219,84.95477059926952,0.54476014930072,mid,moderate,moderate,high,0
2014-04-14,2014,4,16,-48.920192005031694,-60.407346765016904,15135506.920273999,7,119.43038680210543,9.596764011185783,2162215.274324857,0.4957672655582428,0.0507,9.846391314776518,9.982388632838441,10.302326973874893,119.23379110168199,118.52125429099455,120.31262103452609,0.6569697976112365,0.0522,0.9350162426854148,-0.35460488704253545,14.586644306556472,High,1146.1452379044429,1183.1252215841782,1174.0225651314793,1239.499960981586,6.558127839792579,77.86488444418458,0.5210806866341666,mid,moderate,moderate,high,0
2014-04-21,2014,4,17,-49.48860301897962,-60.54198013006326,23789349.625235,7,115.37011500686732,9.084007289227008,3398478.517890714,0.4957672655582428,0.0507,9.340385650206395,9.592263306260016,9.938357098420926,117.40025090448637,117.94589907007712,118.68175122532084,0.6032356202602387,0.0517,0.8854560256532099,-0.4647231720437685,15.038838688942286,High,1048.022965681341,1131.368119773748,1096.5636188788949,1179.5016247431938,5.786394905251289,71.14916758268949,0.49592001293364285,mid,cold,moderate,high,0
2014-04-28,2014,4,18,-50.22299579240808,-61.23770168475619,23862692.373443,7,110.51854794479569,8.571060148071831,3408956.053349,0.4957672655582428,0.0507,8.82753371864942,9.083943816161542,9.520446667162833,112.9443314758315,115.10634991792283,116.29048516492932,0.5495014429092407,0.0512,0.8229838658936565,-0.5680647467311557,15.041916953020737,High,947.2611219124043,1045.6196155378416,997.0198944332196,1107.1373619112003,4.9916402342872415,63.25110536791456,0.46509792338747097,mid,cold,moderate,high,0
2014-05-05,2014,5,19,-50.89428825013396,-61.738411322225495,23338201.009005,7,114.65469347774851,7.927907300213142,3334028.7155721425,0.7305821776390076,0.0493,8.249483724142486,8.527658245837328,9.055151473413003,112.5866207112721,113.51445214313718,115.8021877265551,0.5427302479743957,0.05042,0.7485107481711013,-0.6631226582407951,15.019692255142521,High,908.9717814259425,968.0124538401305,928.7814951138425,1048.6063508165646,4.628218074404193,61.607726760322514,0.4299645287551181,mid,cold,moderate,high,0
2014-05-12,2014,5,20,-49.91890681361482,-61.346405216615715,6149413.077892,7,117.67524569775209,7.907509235578289,878487.582556,0.7305821776390076,0.0493,7.917708267895715,8.13549222795442,8.617449596855211,116.1649695877503,114.28282904009876,115.52979778585382,0.5896932303905487,0.05014,0.6631226582407952,-0.7485107481711012,13.685958190004628,High,930.518092153919,929.7470674443673,919.7603401447849,995.57220935447,4.797444692719644,67.39181063482664,0.40791358030963465,mid,cold,moderate,high,0
2014-05-19,2014,5,21,-47.31103297,-60.70380795285714,439077.98643,7,80.0,7.7,62725.42663285714,0.7305821776390076,0.0493,7.803754617789144,7.8451388452638104,8.238096794618054,98.83762284887604,104.10997972516687,107.64372042543273,0.6366562128067017,0.04986,0.5680647467311558,-0.8229838658936564,11.046538115238345,Low,616.0,816.7572461215343,771.3045557182181,886.7793881975193,4.994656386168399,66.28226540720723,0.3911586228248536,mid,cold,moderate,neutral,1
2014-05-26,2014,5,22,-47.36336197,-60.66778165,46043.12748,1,80.0,7.5,46043.12748,0.7305821776390076,0.0493,7.6,7.702503078526096,7.921295336772653,80.0,92.55841523258403,100.56969742405926,0.6836191952228546,0.04958,0.46472317204376906,-0.8854560256532096,10.737355508708907,Low,600.0,712.9314782724751,608.0,796.6422752258372,5.26557895574357,63.2747093324019,0.38189010263332385,mid,cold,moderate,neutral,1
2014-12-29,2015,1,1,-45.527134573333335,-60.33674048333333,35521.486409,3,80.0,11.9,11840.495469666666,0.8801498413085938,0.064,9.7,9.033333333333333,8.587083307158286,80.0,80.0,94.46598783510012,0.7604957103729248,0.052239999999999995,0.12053668025532305,0.992708874098054,9.379365207106128,Low,952.0,722.6666666666666,776.0,811.187307233006,6.8698112503687545,60.839656829833984,0.4719013333333333,shallow,cold,moderate,high,1
2015-01-05,2015,1,2,-46.20780529285714,-60.55235604714286,97278.98086099999,7,80.0,12.214285714285714,13896.99726585714,0.8801498413085938,0.064,12.057142857142857,10.538095238095238,9.4443589899728,80.0,80.0,87.53504913955041,0.790409243106842,0.05517999999999999,0.23931566428755774,0.970941817426052,9.539500027216974,Low,977.1428571428571,843.047619047619,964.5714285714286,826.7124282788237,8.329407880930674,63.23273944854736,0.5814920952380952,shallow,cold,moderate,high,0
2015-01-12,2015,1,3,-46.805335050714284,-60.774978944285714,73256.114388,7,78.33333333333334,11.323809523809524,10465.159198285715,0.8801498413085938,0.064,11.769047619047619,11.812698412698415,10.127619047619046,79.16666666666667,79.44444444444444,79.66666666666667,0.8203227758407593,0.05811999999999999,0.3546048870425356,0.9350162426854148,9.255902397908164,Low,887.0317460317461,938.4532627865963,931.7162698412699,806.8336507936507,9.690225552074494,65.17008719179366,0.6865540317460318,shallow,moderate,moderate,high,0
2015-01-19,2015,1,4,-46.37692960535714,-60.74869820190476,220218.267785,7,74.52380952380952,12.25357142857143,31459.752540714286,0.8801498413085938,0.064,11.788690476190476,11.930555555555557,11.038333333333334,76.42857142857143,77.61904761904762,78.57142857142858,0.8502363085746765,0.06106,0.4647231720437685,0.8854560256532099,10.356496096914679,Low,913.1828231292517,926.0383597883599,900.9927721088436,867.2976190476193,10.143791514800656,65.99453252270108,0.7284797222222223,shallow,moderate,moderate,high,0
2015-01-26,2015,1,5,-46.43539302195918,-60.69903565645918,400074.267102,7,85.03061224489795,12.519251700680272,57153.46672885714,0.8801498413085938,0.064,12.386411564625849,12.03221088435374,12.042183673469388,79.77721088435374,79.29591836734694,79.57755102040817,0.8801498413085938,0.064,0.5680647467311558,0.8229838658936564,10.95351282417153,Low,1064.5196369568234,954.1052120644175,988.1533674915543,958.2874856726364,10.590148500455479,69.79228996743961,0.7700614965986393,shallow,moderate,moderate,high,0
2015-02-02,2015,2,6,-46.252504663082156,-60.57344784885619,899867.173856,7,94.69768802625946,13.241935207649494,128552.45340799999,0.710435688,0.0608,12.880593454164881,12.671586112300398,12.310570714999287,89.86415013557871,84.75070326498899,82.51708862566005,0.8462070106468751,0.06336,0.6631226582407952,0.7485107481711011,11.76410007665836,Low,1253.980649157933,1073.9258345003263,1157.5035840004252,1015.8324547220514,10.722785004244177,71.71663926008668,0.8028716960753532,shallow,moderate,moderate,high,0
2015-02-09,2015,2,7,-46.49551501677952,-60.62251450711157,2096954.4919341002,7,102.92803153342437,12.8953326541204,299564.9274191572,0.710435688,0.0608,13.068633930884946,12.88550652081672,12.446780102966224,98.81285977984192,94.21877726819393,87.10269493234493,0.8122641799851562,0.06272,0.7485107481711011,0.6631226582407953,12.610089797255794,Medium,1327.2912060573017,1214.056668872691,1291.3490921266184,1084.1480901986479,10.466435387824577,76.53053785695361,0.8081789689856247,shallow,moderate,moderate,high,0
2015-02-16,2015,2,8,-47.96979555751751,-60.80300902661192,4547423.9635742,7,113.29454272405401,12.089689094670296,649631.9947963143,0.710435688,0.0608,12.492510874395347,12.742318985480063,12.599956017138378,108.11128712873919,103.6400874279126,94.09493681048906,0.7783213493234376,0.06208,0.8229838658936564,0.5680647467311558,13.384162859023261,Medium,1369.6957976566537,1320.6150536895043,1350.581430100652,1185.592065247577,9.917618906288498,80.66529269089197,0.7910431626186023,shallow,moderate,moderate,high,0
2015-02-23,2015,2,9,-49.000766439451006,-60.62522376480506,8261968.1509852,7,114.13745524864042,11.763190041497085,1180281.1644264571,0.710435688,0.0608,11.92643956808369,12.249403930095928,12.50187973972351,113.71599898634722,110.12000983537293,102.01766595545526,0.7443785186617188,0.061439999999999995,0.8854560256532098,0.4647231720437686,13.981264090252795,High,1342.6205769426263,1348.9044812596194,1356.2269898349364,1275.4125911023868,9.118193151973843,81.9709697962688,0.7526033774650938,mid,moderate,moderate,high,0
2015-03-02,2015,3,10,-49.15903863871302,-60.29581037453989,13671402.239814,7,114.63357255945857,11.787123458078883,1953057.4628305715,0.7859911918640137,0.0608,11.775156749787982,11.880000864748753,12.355454091203232,114.3855139040495,114.021856844051,107.93825801836738,0.7255467887728028,0.0608,0.9350162426854148,0.35460488704253557,14.484907144296374,High,1351.2000721989818,1354.5797579075845,1346.9073561252355,1333.6261916303872,8.619496478036577,82.72819208311343,0.7223040525767243,mid,moderate,moderate,high,0
2015-03-09,2015,3,11,-49.29015109114617,-60.97654591381904,16009400.612686,7,111.09757555990434,11.550986627527722,2287057.230383714,0.7859911918640137,0.0608,11.6690550428033,11.70043337570123,12.017264375178879,112.86557405968145,113.2895344560011,111.21823552509633,0.7406578895456055,0.0608,0.970941817426052,0.23931566428755804,14.642776934152016,High,1283.2866096432058,1325.5366500666498,1317.0345961400153,1336.538939645994,8.666018290815838,83.90878749778594,0.7113863492426348,mid,moderate,moderate,high,0
2015-03-16,2015,3,12,-49.44231373177617,-60.564922958398725,23704159.330952,7,111.09831665738544,11.39582225781285,3386308.4758502855,0.7859911918640137,0.0608,11.473404442670285,11.577977447806484,11.717362295917367,111.09794610864489,112.27648825891612,112.85229254988856,0.7557689903184082,0.0608,0.992708874098054,0.120536680255323,15.035251236155226,High,1266.056669769773,1299.9346489806403,1274.6716684544701,1322.3311977319006,8.750276325658007,84.85508816793764,0.7039410288266342,mid,moderate,moderate,high,0
2015-03-23,2015,3,13,-49.22458100229743,-60.255929178070495,21112317.711052902,7,109.58500790901606,11.186286116679256,3016045.3872932717,0.7859911918640137,0.0608,11.29105418724605,11.37769833400661,11.536681700319159,110.34166228320075,110.59363337543527,112.11038558688097,0.7708800910912109,0.0608,1.0,-1.6081226496766366e-16,14.919457388394317,High,1225.8492525688127,1258.3009982074277,1245.8736879504233,1293.3818338158944,8.770841128127334,85.25443017056352,0.6917640587076018,mid,moderate,moderate,high,0
2015-03-30,2015,3,14,-49.73352113827567,-59.273221974145706,10741688.597220901,7,102.70700460600169,10.748844275301556,1534526.9424601288,0.7859911918640137,0.0608,10.967565195990405,11.110317549931219,11.333812547080054,106.14600625750887,107.79677639080107,109.8242954583532,0.7859911918640137,0.0608,0.992708874098054,-0.12053668025532288,14.243733362365305,High,1103.9815984925917,1197.6564165607285,1164.163243923234,1244.7279778401105,8.732611733058107,84.7273167545043,0.6755073070358181,mid,moderate,moderate,high,0
2015-04-06,2015,4,15,-50.04960495818989,-59.161660178048855,29553253.153194003,7,103.01995750728145,9.87887274808804,4221893.307599143,0.4601916372776031,0.059,10.313858511694797,10.604667713356283,10.952162405081884,102.86348105664158,105.10399000743307,107.50157244791778,0.7208312809467315,0.060439999999999994,0.9709418174260521,-0.2393156642875575,15.255794473348997,High,1017.7210507278706,1114.5928893767468,1060.9193896385991,1177.3746802512717,7.644176211833057,75.76224374967045,0.6409461165952537,mid,moderate,moderate,high,0
2015-04-13,2015,4,16,-49.7497882377296,-60.275844362449696,23485630.5226,7,106.96155865991932,9.87096712940975,3355090.0746571426,0.4601916372776031,0.059,9.874919938748896,10.166228050933116,10.61615850545829,104.99075808360038,104.22950692440082,106.6743690679208,0.6556713700294494,0.06008,0.9350162426854148,-0.35460488704253545,15.02598947396825,High,1055.8140296424965,1059.620937029771,1036.7753303841073,1132.4720104948042,6.665704674187135,68.34030360261588,0.6107869813000616,mid,moderate,moderate,high,0
2015-04-20,2015,4,17,-50.88190248026191,-61.855353681625054,25814239.8312375,7,109.67360982187708,8.989098328527808,3687748.5473196427,0.4601916372776031,0.059,9.43003272896878,9.579646068675201,10.134813719601283,108.3175842408982,106.55170866302596,106.38942770081913,0.5905114591121674,0.059719999999999995,0.8854560256532099,-0.4647231720437685,15.120526951190106,High,985.8668627334462,1020.727657004382,1021.4383645145028,1078.2370314827904,5.656890777791531,62.92000495349803,0.5720964632212829,mid,moderate,moderate,high,0
2015-04-27,2015,4,18,-51.64300521182981,-62.250484602577,24653417.6346221,7,110.05385250777688,8.383200525957784,3521916.804946014,0.4601916372776031,0.059,8.686149427242796,9.081088661298446,9.574196601456988,109.86373116482699,108.89634032985776,106.48319662057129,0.5253515481948853,0.05935999999999999,0.8229838658936565,-0.5680647467311557,15.074516230158642,High,922.6035142268756,988.8973214263681,954.2927855321185,1019.4910591969499,4.770763987508157,57.2088609850479,0.5390534229346757,mid,cold,moderate,high,0
2015-05-04,2015,5,19,-51.49320517235044,-62.33473579353726,23768524.0497863,7,113.4912348957848,8.062175783555432,3395503.435683757,0.2712611556053161,0.0594,8.222688154756607,8.478158212680341,9.036862903107764,111.77254370178085,111.07289907514625,108.6400426785279,0.42240554094314564,0.05908,0.7485107481711013,-0.6631226582407951,15.037962889877276,High,914.9862856225974,941.693611500166,919.0707711236486,981.765171473633,3.5812210060288123,46.917808017960574,0.5008895872051545,mid,cold,moderate,high,0
2015-05-11,2015,5,20,-50.63435045652343,-61.81100381258798,16233227.111043999,7,108.55702858088867,7.974393578610735,2319032.444434857,0.2712611556053161,0.0594,8.018284681083083,8.139923296041317,8.655967069212302,111.02413173833673,110.70070532815011,109.74745689324936,0.38461944460868824,0.059160000000000004,0.6631226582407952,-0.7485107481711012,14.65666103805513,High,865.6764716285006,901.0952501888142,890.2230947480556,949.9703727977632,3.1307727772807343,42.57764380110315,0.48155786219380436,mid,cold,moderate,high,0
2015-05-18,2015,5,21,-46.746534657748306,-60.30238490664399,1445060.882282,7,98.75442176870749,8.2337641723356,206437.26889742858,0.2712611556053161,0.0594,8.104078875473167,8.090111178167255,8.328526477797471,103.65572517479808,106.934228415127,108.10602951500698,0.34683334827423085,0.05924,0.5680647467311558,-0.8229838658936564,12.237756706732585,Medium,813.1206198189027,865.1097966299095,840.0341727109333,900.3639292252906,2.805920347834532,37.08835648633989,0.47925818619462823,mid,cold,moderate,high,0
2015-05-25,2015,5,22,-46.561482565595234,-60.39407356188095,372575.2333262,7,103.52380952380952,8.016666666666667,53225.033332314284,0.2712611556053161,0.0594,8.125215419501133,8.074941472537668,8.134040145425242,101.1391156462585,103.61175329113523,106.87606945539346,0.3090472519397735,0.05932,0.46472317204376906,-0.8854560256532096,10.882302904008437,Low,829.9158730158731,836.6588436929292,821.7771019636879,869.334239535427,2.4955384716622744,32.02092762328713,0.4790055281509345,mid,cold,moderate,high,0
2015-06-01,2015,6,23,-47.240664883,-60.68229562500001,34153.3942541,5,115.0,8.6,6830.67885082,0.2953285872936249,0.0591,8.308333333333334,8.28347694633409,8.177400040233687,109.26190476190476,105.75941043083901,107.8652989538381,0.27607464194297787,0.059340000000000004,0.35460488704253584,-0.9350162426854147,8.82932572789694,Low,989.0,876.0556381617401,907.7843253968254,882.0577000049344,2.286857932002096,29.19749136679432,0.49154152199546497,mid,cold,low,high,0
2015-12-28,2016,1,53,-45.63855771222222,-60.509086351111115,1607.7716956699999,3,91.66666666666667,13.927777777777777,535.9238985566666,1.4132612943649292,0.0719,11.263888888888888,10.181481481481482,9.350520439078156,103.33333333333334,103.39682539682538,103.50038530801446,0.5044746696949005,0.061840000000000006,0.12053668025532314,0.992708874098054,6.285856370419305,Low,1276.712962962963,1052.7328630217519,1163.9351851851852,967.7824682750537,5.136299507375117,52.161079339564786,0.6296228148148149,mid,cold,moderate,high,1
2016-01-04,2016,1,1,-45.703495645476195,-60.499818808571426,2622.24518101,7,92.71428571428571,13.20952380952381,374.60645443000004,1.4132612943649292,0.0719,13.568650793650793,11.912433862433863,10.39754648526077,92.19047619047619,99.79365079365078,100.33183673469388,0.7328746974468231,0.06434000000000001,0.12053668025532305,0.992708874098054,5.928541934167244,Low,1224.7115646258503,1188.7852649701856,1250.9003779289492,1043.2049364005738,8.730321362786508,73.13624163251073,0.7664459947089949,mid,moderate,moderate,high,0
2016-01-11,2016,1,2,-45.74706861,-60.53387294,32.83134279,1,90.0,12.4,32.83134279,1.4132612943649292,0.0719,12.804761904761904,13.179100529100529,11.230793650793652,91.35714285714286,91.46031746031746,98.58095238095237,0.9612747251987457,0.06684000000000001,0.23931566428755774,0.970941817426052,3.521387703848242,Low,1116.0,1205.364718232972,1169.806462585034,1107.1423340891913,12.668736239477754,87.9184915332567,0.8808910793650795,shallow,moderate,moderate,high,0
2016-01-25,2016,1,4,-45.81387255489796,-60.60044129822789,11279.45800034,7,96.69897959183673,13.200102040816327,1611.3511429057144,1.4132612943649292,0.0719,12.800051020408162,12.93654195011338,12.267480725623583,93.34948979591837,93.1377551020408,97.21598639455782,1.1896747529506684,0.06934,0.4647231720437685,0.8854560256532099,7.38544873055182,Low,1276.4363978550605,1204.8804760169373,1194.8782321168262,1192.5952393177226,15.390277348537094,110.80363579140024,0.8970198188208618,shallow,moderate,high,high,0
2016-02-01,2016,2,5,-45.65798392195578,-60.43546407268367,14343.90292172,7,95.23673469387755,13.967414965986395,2049.1289888171427,1.9889084100723269,0.0705,13.58375850340136,13.189172335600908,13.340963718820863,95.96785714285714,93.97857142857141,93.26333333333334,1.5283907175064086,0.07162,0.5680647467311558,0.8229838658936564,7.625657992014977,Low,1330.210993474941,1239.499574425008,1303.6041955174926,1244.2227462962965,20.158208569324746,143.63597621594153,0.944608522675737,shallow,moderate,high,high,0
2016-02-08,2016,2,6,-44.84643217494048,-59.87368514303571,57189.109711583005,7,119.71428571428571,14.218452380952382,8169.872815940429,1.9889084100723269,0.0705,14.092933673469387,13.7953231292517,13.399098639455783,107.47551020408163,103.88333333333333,98.87285714285713,1.643520140647888,0.07134,0.6631226582407952,0.7485107481711011,9.008331014086776,Low,1702.1518707482994,1433.1041510770974,1514.6452368284047,1324.807165621963,22.672891409670818,170.73435061097143,0.9841583520408164,shallow,moderate,high,high,1
2016-02-15,2016,2,7,-45.56259299804348,-60.10439830367934,221765.87144703,7,119.66041156910721,13.462261747913923,31680.838778147143,1.9889084100723269,0.0705,13.840357064433151,13.882709698284232,13.449646227133803,119.68734864169646,111.53714399242348,104.26208231382145,1.7586495637893678,0.07105999999999998,0.7485107481711011,0.6631226582407953,10.363498886515034,Low,1610.8997814064287,1548.4377906225423,1656.5156412963772,1402.2881220252027,24.414821355101992,196.15474962858747,0.9865053511600773,mid,moderate,high,high,1
2016-02-22,2016,2,8,-46.48887484718072,-60.67995669971661,1627308.0031060001,7,115.52943385775406,13.348496535767586,232472.57187228574,1.9889084100723269,0.0705,13.405379141840754,13.676403554877965,13.63934553428732,117.59492271343063,118.301377047049,109.36796908537227,1.8737789869308472,0.07078,0.8229838658936564,0.5680647467311558,12.356531828186485,Medium,1542.1442476294205,1617.9373735932195,1576.4045241289987,1491.707520738646,25.62655759791667,221.67063443574366,0.9680158436142623,mid,moderate,high,high,1
2016-02-29,2016,2,9,-47.37236946116301,-60.58337987974276,2020943.78325611,7,120.41484826729946,12.484043337010217,288706.25475087285,1.9889084100723269,0.0705,12.9162699363889,13.09826720689724,13.496133793526102,117.97214106252676,118.53489789805359,114.1111428204648,1.9889084100723269,0.0705,0.8854560256532098,0.4647231720437686,12.573168494368456,Medium,1503.264184188476,1552.6017660109878,1523.760018937345,1540.0592508371585,26.05125380517249,235.75505531650336,0.9234278380862554,mid,moderate,high,high,1
2016-03-07,2016,3,10,-47.52200755342283,-60.49858297895498,1903148.0250387,7,122.37461598480213,12.071187210200337,271878.2892912429,1.0958982706069946,0.0666,12.277615273605276,12.634575694326045,13.11688824236889,121.3947321260508,119.43963270328521,119.5387190786497,1.8103063821792602,0.06971999999999999,0.9350162426854148,0.35460488704253557,12.513113457407735,Medium,1477.2068993289213,1509.0690802921577,1490.4378172860224,1567.976018790578,22.872453015565398,216.2223293679039,0.8808826174084118,mid,moderate,high,high,1
2016-03-14,2016,3,11,-48.064367220392896,-60.274152888926515,1595970.55505403,7,126.38620931839387,11.693115576508786,227995.79357914714,1.0958982706069946,0.0666,11.882151393354562,12.08278204123978,12.611820881480169,124.380412651598,123.05855785683183,120.87310379947135,1.6317043542861938,0.06894,0.970941817426052,0.23931566428755804,12.33708684459272,Medium,1477.8485528368112,1486.889732893394,1477.9068934942004,1524.4299345074928,19.71552806858197,200.795184687172,0.8329869939230704,mid,moderate,high,high,0
2016-03-21,2016,3,12,-46.88774375312931,-60.40044513673623,887483.7583078099,7,119.3055489588901,11.509190623586607,126783.39404397285,1.0958982706069946,0.0666,11.601153100047696,11.757831136765242,12.221206656614706,122.84587913864198,122.68879142069535,120.80213127742793,1.4531023263931275,0.06816,0.992708874098054,0.120536680255323,11.750243238055766,Low,1373.1103054195107,1442.5540918983481,1425.153851597341,1476.347810900946,17.085331778171124,178.2793682357736,0.8014137702819188,mid,moderate,high,high,0
2016-03-28,2016,3,13,-46.3131981878362,-60.334309450783515,1750417.9180318099,7,115.75889482257068,11.924940179565969,250059.70257597283,1.0958982706069946,0.0666,11.717065401576287,11.709082126553787,11.936495385374382,117.5322218907304,120.48355103328488,120.84802347039127,1.274500298500061,0.06738000000000001,1.0,-1.6081226496766366e-16,12.429458977678623,Medium,1380.417896011824,1410.751793947567,1377.1327306862643,1442.5018744859403,14.92322866545453,153.55632175626891,0.7889579536871942,mid,moderate,high,high,0
2016-04-04,2016,4,14,-45.41934584681085,-59.8056766558339,1235332.183790318,7,115.78696161514567,11.763777344008318,176476.0262557597,0.6269150376319885,0.0653,11.844358761787142,11.73263604905363,11.792442186774004,115.77292821885817,116.95046846553548,119.9224461399605,1.0021016240119933,0.06634,0.992708874098054,-0.12053668025532288,12.08094598403235,Low,1362.0920357798113,1372.1372822724513,1371.2560967267866,1414.1785130020035,11.7572936386983,117.19625437827652,0.7783430754942178,mid,moderate,high,high,0
2016-04-11,2016,4,15,-45.00437043492404,-59.225400115038546,754282.23272919,7,127.21360544217687,11.640396825396826,107754.60467559857,0.6269150376319885,0.0653,11.70208708470257,11.776371449657036,11.7062841098133,121.50028352866127,119.58648729329775,120.89024403143544,0.9083049774169922,0.06608,0.9709418174260521,-0.2393156642875575,11.58762102217331,Low,1480.8168489364,1408.2948947255657,1421.8068986684475,1415.175542736645,10.696536803634846,108.62100164031624,0.7781826253933369,mid,moderate,moderate,high,0
2016-04-18,2016,4,16,-46.558204913333334,-60.16881192333333,2571.274102166,3,108.16666666666667,9.666666666666666,857.0913673886666,0.6269150376319885,0.0653,10.653531746031746,11.023613612023937,11.300994327844878,117.69013605442177,117.05574457466305,117.24633550108999,0.8145083308219909,0.06582000000000002,0.9350162426854148,-0.35460488704253545,6.754710583781789,Low,1045.611111111111,1290.3772992588526,1253.8156006505776,1325.0001724584154,8.978825122756195,95.34287912663412,0.7255742479434157,mid,moderate,moderate,high,0
2016-04-25,2016,4,17,-41.98893653,-57.35490047,0.0,1,200.0,17.8,0.0,0.6269150376319885,0.0653,13.73333333333333,13.035687830687829,12.559156203127554,154.08333333333334,145.12675736961452,133.38522570931198,0.7207116842269897,0.06556,0.8854560256532099,-0.4647231720437685,9.999995000003334e-07,Low,3560.0,1891.8271049502694,2116.0777777777776,1675.2058848726745,9.3949725315123,104.59454973025657,0.854619694179894,mid,moderate,moderate,high,1
2017-01-16,2017,1,3,-45.843477786666675,-60.668828665,10892.467145,3,115.5,14.449999968333335,3630.822381666667,2.784655809402466,0.0742,16.124999984166667,13.972222211666667,13.06416816088103,157.75,141.22222222222223,133.33344674479784,1.058463191986084,0.06708,0.3546048870425356,0.9350162426854148,8.197489835074563,Low,1668.9749963425002,1973.1882701142595,2543.7187475022915,1741.8905697439143,14.789082921299563,149.47852411270142,0.9372566659586,mid,moderate,high,high,1
2017-01-23,2017,1,4,-43.843063103238094,-59.28804293804762,244496.3772725,7,93.53333333333333,13.057142848095237,34928.053896071426,2.784655809402466,0.0742,13.753571408214283,15.102380938809524,13.322841261698414,104.51666666666667,136.34444444444443,128.88272108843537,1.4900113463401794,0.06886,0.4647231720437685,0.8854560256532099,10.461074251750441,Low,1221.2780943918413,2059.125738890352,1437.4774383485294,1717.0840344369751,22.50271895557784,203.15476923267045,1.0399499514464239,mid,moderate,high,high,1
2017-01-30,2017,1,5,-45.52809201511905,-60.55440136928571,269223.4086233,7,102.42857142857143,14.034523810654761,38460.486946185716,2.784655809402466,0.0742,13.545833329374997,13.847222209027777,13.80166665875,97.98095238095237,103.82063492063492,123.92571428571428,1.921559500694275,0.07064000000000001,0.5680647467311558,0.8229838658936564,10.557412680568724,Low,1437.5362246056377,1437.6274016283805,1327.2336504058092,1710.3813990189212,26.60826139398209,199.49752739985783,0.9781677768457223,mid,moderate,high,high,1
2017-02-06,2017,2,6,-45.793543265626546,-60.60966432338923,1386346.27529837,7,98.44313825709175,14.329470584362296,198049.46789976716,4.324864864349365,0.0698,14.181997197508526,13.807045747704096,14.734227442289125,100.43585484283159,98.13501433966549,121.9810086037993,2.66114946603775,0.07154,0.6631226582407952,0.7485107481711011,12.196277165585858,Medium,1410.6380538873068,1354.9546324393589,1424.3810119104107,1797.2959244082056,36.742612419061544,261.15194100960775,0.9877560527907512,mid,moderate,high,high,1
2017-02-13,2017,2,7,-46.061851840736374,-60.6123531231291,1330193.9528659,7,103.97494942032758,14.906657048084465,190027.70755227143,4.324864864349365,0.0698,14.618063816223376,14.42355048103384,14.155558851906019,101.20904383870966,101.61555303533025,102.77599848786481,3.4007394313812256,0.07244,0.7485107481711011,0.6631226582407953,12.154930432114957,Medium,1549.9189126007518,1465.6570588632574,1479.4802616132072,1454.8516951583742,49.05073686136943,345.56801804885777,1.0448419968460916,mid,moderate,very_high,high,1
2017-02-20,2017,2,8,-46.105140394776114,-60.63930202466681,4872211.6172295995,7,106.51728553213323,14.675736250265592,696030.2310327999,4.324864864349365,0.0698,14.791196649175024,14.637287960904118,14.20070610829247,105.24611747623041,102.97845773651751,100.97945559429147,3.7087812423706055,0.07156,0.8229838658936564,0.5680647467311558,13.453149810484831,Medium,1563.2195885638182,1507.3253396592013,1556.7160201531,1433.979571869903,54.286499028578284,381.9245724214503,1.0474443264822986,mid,moderate,very_high,high,1
2017-02-27,2017,2,9,-46.62993381525795,-60.72631991590412,5339376.2089481,7,111.6950584903577,13.834298187171411,762768.0298497286,4.324864864349365,0.0698,14.255017218718498,14.472230495173823,14.356137176107705,109.10617201124546,107.39576448093949,104.61180062569633,4.016823053359985,0.07067999999999999,0.8854560256532098,0.4647231720437686,13.544710551268977,Medium,1545.2227451891602,1554.2562577735582,1555.3103606887664,1501.8213600221263,58.13238908655361,431.3897826002572,1.0228972513988857,mid,moderate,very_high,high,1
2017-03-06,2017,3,10,-46.502839118910615,-60.66100167153997,5333443.285254899,7,114.49502223036059,12.962055030218059,761920.4693221285,1.3201183080673218,0.0667,13.398176608694731,13.824029822551688,14.141643420020364,113.09504036035915,110.90245541761719,107.02509078605416,3.7239155530929566,0.06917999999999999,0.9350162426854148,0.35460488704253557,13.543598770726813,Medium,1484.0907788359739,1533.1188510873492,1515.2673243155505,1513.5106708916849,51.4795196626211,412.9913786058629,0.9563463831241257,mid,moderate,very_high,high,1
2017-03-13,2017,3,11,-47.16230940854405,-60.63594261528716,6150832.5978544,7,119.83728406514122,12.039212783135019,878690.3711220572,1.3201183080673218,0.0667,12.500633906676535,12.945188666841496,13.68359185977491,117.1661531477509,115.34245492861983,111.30391994766407,3.122966241836548,0.06856,0.970941817426052,0.23931566428755804,13.686189001386847,High,1442.7465622132306,1493.1298403476455,1464.6511867536306,1523.0374129568943,40.427387200751056,360.2105929926333,0.8875221349986528,mid,moderate,very_high,high,1
2017-03-20,2017,3,12,-49.03758638746333,-60.47072840696073,10943449.8863423,7,137.2288451898978,11.328657237456573,1563349.9837631858,1.3201183080673218,0.0667,11.683935010295793,12.10997501693655,12.96799189764933,128.5330646275195,123.85371716179988,117.9546991015781,2.522016930580139,0.06794,0.992708874098054,0.120536680255323,14.262342141944895,High,1554.6185502483436,1499.8654205841221,1501.771973782087,1529.6355822389296,30.541562021616485,312.36117159734323,0.8227517026506692,mid,moderate,high,high,1
2017-03-27,2017,3,13,-49.99175638842322,-59.12457040626078,10008946.2374687,7,128.60578045946468,10.79096224043558,1429849.4624955286,1.3201183080673218,0.0667,11.059809738946072,11.38627742034239,12.191037095683328,132.91731282468123,128.55730323816792,122.37239808704439,1.9210676193237304,0.06732,1.0,-1.6081226496766366e-16,14.173080425087342,High,1387.7801208398312,1463.789119080861,1470.0401908529511,1491.8464445668856,21.8738088568567,246.96727247842614,0.7665241959374498,mid,moderate,high,high,1
2017-04-03,2017,4,14,-49.75412121298708,-59.40969849061242,8314240.6983799,7,133.89774810351182,10.422351790482878,1187748.6711971287,1.1170283555984497,0.0652,10.606657015459225,10.847323756125009,11.50864781634562,131.25176428148825,133.24412458429143,126.81293600967521,1.2795003175735473,0.06639999999999999,0.992708874098054,-0.12053668025532288,13.987571042221623,High,1395.5294346882617,1445.3421579672647,1392.1424464076479,1459.4454190921256,13.879154190785034,170.48589972041017,0.7202622974067004,mid,moderate,high,high,0
2017-04-10,2017,4,15,-49.900671658917304,-60.08484908655969,5188983.54822649,7,140.544909931561,10.178922407494866,741283.3640323557,1.1170283555984497,0.0652,10.300637098988869,10.464078812804441,10.952021291800984,137.2213290175364,134.34947949817916,132.0229135499153,1.2388823270797729,0.06609999999999999,0.9709418174260521,-0.2393156642875575,13.516139587792324,Medium,1430.595732961714,1405.8435419282011,1413.467112450593,1445.917760204273,12.963762310353314,166.44319580266043,0.6916756095263735,mid,moderate,high,high,0
2017-04-17,2017,4,16,-49.965054070183676,-60.451205336876406,4450011.2913126,7,142.73577475656953,9.906291876429,635715.8987589428,1.1170283555984497,0.0652,10.04260714196193,10.169188691468916,10.52543711045978,141.64034234406526,139.0594775972141,136.60261168820097,1.1982643365859986,0.0658,0.9350162426854148,-0.35460488704253545,13.362508615487561,Medium,1413.9822459468041,1414.1220670231648,1422.4383136144427,1437.8021984487173,12.18537614100084,166.6300126690213,0.6691326158986547,mid,moderate,high,high,1
2017-04-24,2017,4,17,-50.00442767919581,-60.915254906312114,2537555.39049215,7,141.97506453347123,9.70123671821481,362507.91292745003,1.1170283555984497,0.0652,9.803764297321901,9.928817000712892,10.199953006611427,142.3554196450204,141.75191640720058,137.55185555691565,1.1576463460922242,0.0655,0.8854560256532099,-0.4647231720437685,12.80080434036343,Medium,1377.3337091230283,1407.428837507446,1395.6189806461277,1403.0224626527424,11.494058721893635,164.09858808036614,0.6503375135466944,mid,moderate,high,high,1
2017-05-01,2017,5,18,-50.8343062595992,-61.97178669892196,1804725.3180502,7,133.2329365079365,9.721944511032538,257817.90257859998,1.3668969869613647,0.0635,9.71159061462367,9.77649103522545,9.986149460730818,137.60400052070386,139.31459193265908,138.47728676661,1.1670020818710327,0.06486,0.8229838658936565,-0.5680647467311557,12.460012689450918,Medium,1295.2832157720798,1362.0078591057331,1336.3537199915384,1382.8548825678495,11.409185391501588,162.58041882042653,0.6341032085447227,mid,cold,high,high,1
2017-05-08,2017,5,19,-50.09459817043608,-60.602624889728084,1228077.1190265,7,143.25891973468285,9.274705525623135,175439.58843235715,1.3668969869613647,0.0635,9.498325018327833,9.565962251623494,9.756620207758868,138.24592812130967,139.4889735920302,140.3495210928442,1.2169758081436157,0.06452,0.7485107481711013,-0.6631226582407951,12.075055737129448,Low,1328.6842944580642,1334.3462558990673,1313.1047577565869,1369.3369736437232,11.641544641840824,169.7547063642844,0.6171958844747478,mid,cold,high,high,1
2017-05-15,2017,5,20,-49.711328027,-59.0128386665,29175.1810267,2,157.9,9.630000162049999,14587.59051335,1.3668969869613647,0.0635,9.452352843836564,9.54221673290189,9.646835758669896,150.57945986734143,144.79728541420644,143.820539106532,1.2669495344161987,0.06418,0.6631226582407952,-0.7485107481711012,9.587995030568445,Low,1520.5770255876948,1381.6870797582114,1423.3301857004385,1387.4131194840752,12.08950704704851,183.4508533402583,0.6124194699176433,mid,cold,high,high,1
2018-01-01,2018,1,1,-45.536932783888886,-60.47744057277779,4029.6524606999997,3,84.94444444444444,12.372222264444444,1343.2174868999998,1.227152705192566,0.0771,11.001111213247217,10.42564265070586,10.140021836272986,121.42222222222222,128.70112139304243,132.26227304410702,1.288974404335022,0.06656000000000001,0.12053668025532305,0.992708874098054,7.203567329345598,Low,1050.9515467964197,1341.7919003889756,1335.7793704262842,1341.1423367823452,13.438386525503386,165.8924512848462,0.6939307748309822,mid,moderate,high,high,1
2018-01-08,2018,1,2,-45.56198025175325,-60.46669006087878,23930.28676599,7,100.12987012987013,13.61489176855844,3418.612395141429,1.227152705192566,0.0771,12.993557016501438,11.872371398350962,10.922752846341712,92.53715728715729,114.32477152477152,123.8932341633868,1.3109992742538452,0.06894,0.23931566428755774,0.970941817426052,8.137282489172245,Low,1363.2573446179945,1357.3061475737059,1202.3868293556397,1353.2551761006134,15.564670286910221,149.87969249821214,0.8184812842023154,mid,moderate,high,high,0
2018-01-15,2018,1,3,-45.65709196273469,-60.56665322879592,5619.099631549,7,102.38469387755103,14.056836822714287,802.7285187927143,1.227152705192566,0.0771,13.835864295636359,13.34798361857239,11.78973130867806,101.25728200371057,95.8196694839552,117.72358563730968,1.2830504179000854,0.07166,0.3546048870425356,0.9350162426854148,6.689261550208974,Low,1439.2049349802892,1278.9993786088548,1400.982012748321,1387.9294433580328,17.1261359599328,122.94146697443678,0.9565165061068975,mid,moderate,high,high,0
2018-01-22,2018,1,4,-45.611331587857144,-60.54345471333333,1770.801694564,7,108.35119047619048,14.130952358333333,252.971670652,1.227152705192566,0.0771,14.093894590523806,13.934226983202018,12.7609806752201,105.36794217687076,103.62191816120388,110.74203978561123,1.2551015615463257,0.07438,0.4647231720437685,0.8854560256532099,5.537222731869589,Low,1531.105510587748,1443.8913280929983,1485.044670261224,1413.1770296386403,17.4888700455578,130.05603129455255,1.0364278030105663,mid,moderate,high,high,0
2018-01-29,2018,1,5,-45.87946291099244,-60.59502554991419,454272.88207863,6,105.17472614531438,14.064558349550845,75712.147013105,1.227152705192566,0.0771,14.097755353942086,14.084115843532823,13.64789231272027,106.76295831075242,105.30353683301864,100.19698501467408,1.227152705192566,0.0771,0.5680647467311558,0.8229838658936564,11.234707096923549,Low,1479.236072768805,1483.10721148996,1505.1180671281056,1367.4776615395185,17.28336085763678,129.22352009098384,1.0858853315363806,mid,moderate,high,high,0
2018-02-05,2018,2,6,-46.08136570539322,-60.68962021137289,1726464.9887037699,7,103.21709125435355,14.010064286435574,246637.85552910998,1.5610930919647217,0.0699,14.037311317993206,14.068524998106584,13.975460717118494,104.19590869983396,105.58100262528615,103.8515143766559,1.293940782546997,0.07565999999999999,0.6631226582407952,0.7485107481711011,12.41568042230482,Medium,1446.0780839323802,1485.3689747589951,1462.6304084807662,1451.372759584221,18.203838245332022,136.61556515905932,1.064424601356744,mid,moderate,high,high,0
2018-02-12,2018,2,7,-46.25801145076681,-60.713534912636376,2690293.4427112,7,105.92709562756204,13.108686748715456,384327.6346730286,1.5610930919647217,0.0699,13.55937551757551,13.727769794900626,13.874219713149898,104.57209344095779,104.77297100907667,105.01095947619429,1.3607288599014282,0.07422,0.7485107481711011,0.6631226582407953,12.85925328502881,Medium,1388.5651147829374,1438.2992267404015,1417.9322836249416,1456.9451240613998,18.679772542004393,142.56760538966628,1.0188750741775243,mid,moderate,high,high,0
2018-02-19,2018,2,8,-47.89864446399637,-60.33456695749202,3787905.98205627,7,125.56133323204087,12.94013099437392,541129.4260080386,1.5610930919647217,0.0699,13.024408871544685,13.352960676508317,13.650878547481827,115.74421442980145,111.56850670465217,109.64628734709227,1.4275169372558594,0.07278,0.8229838658936564,0.5680647467311558,13.20141561196874,Medium,1624.7800998508442,1489.769882763975,1507.4999732494762,1496.76815175745,19.06157752822708,159.26593298523488,0.9718284780362753,mid,moderate,high,high,0
2018-02-26,2018,2,9,-47.177838111094935,-60.60318726054856,9274089.32823579,7,123.85817819802786,13.15855284391607,1324869.9040336844,1.5610930919647217,0.0699,13.049341919144991,13.069123529001816,13.456398644598375,124.70975571503436,118.44886901921025,112.74768489145974,1.4943050146102905,0.07134,0.8854560256532098,0.4647231720437686,14.09682558173854,High,1629.7943829699227,1548.022901082615,1627.3802429785296,1517.1777941550436,19.52925682594875,176.99873895032337,0.9323512725589895,mid,moderate,high,high,1
2018-03-05,2018,3,10,-48.4058888183504,-60.18451574293907,11131667.7565211,7,131.80800323530346,13.038789406948847,1590238.2509315857,0.705287516,0.0699,13.098671125432455,13.045824415079613,13.251244856077971,127.83309071666565,127.07583822179072,118.07434030945755,1.3899319767717775,0.0699,0.9350162426854148,0.35460488704253557,14.27939503516124,High,1718.6167963355542,1657.8090728405443,1674.443614245176,1564.6319946604992,18.132808517869123,176.62677101954418,0.911903126614065,mid,moderate,high,high,1
2018-03-12,2018,3,11,-49.054022003452836,-59.95116994937594,7542458.28354388,7,131.16343289057852,12.478227968386857,1077494.0405062686,0.705287516,0.0699,12.758508687667849,12.891856739750592,12.94487759246823,131.48571806294098,128.9432047746366,123.66360863670255,1.2187708615788329,0.0699,0.970941817426052,0.23931566428755804,13.89014949817197,High,1636.6872167248496,1662.3173235189395,1677.561676210278,1600.8102764450116,15.712219346056711,157.15222077791972,0.9011407861085664,mid,moderate,high,high,1
2018-03-19,2018,3,12,-49.377297513054366,-59.53645074036154,5653967.648430084,7,129.11302860210424,12.01709390336939,807709.6640614405,0.705287516,0.0699,12.24766093587812,12.511370426235032,12.726559023399016,130.13823074634138,130.6948215759954,128.30079523161098,1.0476097463858887,0.0699,0.992708874098054,0.120536680255323,13.601959184342412,Medium,1551.5633888599045,1635.171325527973,1593.888924976258,1632.827643264128,13.10703359916799,136.91716888517752,0.8745447927938288,mid,moderate,high,high,1
2018-03-26,2018,3,13,-49.18557674310739,-59.856145208021566,3305777.5284024114,7,134.12791315264556,11.679198201499009,472253.93262891594,0.705287516,0.0699,11.848146052434195,12.058173357751754,12.474372464824034,131.6204708773749,131.4681248817761,130.01411121573193,0.8764486311929442,0.0699,1.0,-1.6081226496766366e-16,13.065274230264032,Medium,1566.5064820631933,1585.265440843013,1559.4585624452995,1621.844448988096,10.568369534088752,115.22505809813572,0.8428663177068476,mid,moderate,moderate,high,1
2018-04-02,2018,4,14,-49.49202097265147,-59.615821303087515,2966178.32911014,7,136.82211320425606,11.24067097406486,423739.76130144857,0.4961428046226501,0.069,11.45993458778193,11.64565435964442,12.090796090853793,135.4750131784508,133.35435165300194,132.60689821697756,0.66345857372453,0.06972,0.992708874098054,-0.12053668025532288,12.956877135203015,Medium,1537.9723565052975,1552.9986867053371,1552.5347893039414,1603.322966582079,7.7264092315385415,88.47508794766009,0.811935021954409,mid,moderate,moderate,high,0
2018-04-09,2018,4,15,-49.7374959481128,-59.75029957889365,3444026.4132471597,7,139.8775427698933,10.60653718939742,492003.7733210228,0.4961428046226501,0.069,10.923604081731137,11.17546878832043,11.604345647343507,138.3498279870747,136.94252304226495,134.22080612389556,0.62162963144906,0.06954000000000002,0.9709418174260521,-0.2393156642875575,13.106243697301412,Medium,1483.6163593504014,1530.3968920526831,1511.2787457064098,1557.5446273267642,6.947002544154103,85.12753012846757,0.7771420995398028,mid,moderate,moderate,high,0
2018-04-16,2018,4,16,-49.72283929575234,-59.858078500296365,2411577.49049944,7,141.69945600893791,10.301587956706117,344511.0700713486,0.4961428046226501,0.069,10.454062573051765,10.716265373389467,11.16901764500736,140.78849938941562,139.4663706610291,136.32801074756742,0.5798006891735901,0.06936,0.9350162426854148,-0.35460488704253545,12.749884405316568,Medium,1459.729409493483,1494.5586386670866,1471.811782183011,1522.6499575483335,6.2132980488582925,80.86269782580403,0.7432801662982935,mid,moderate,moderate,high,0
2018-04-23,2018,4,17,-49.74873069425182,-60.6732027678395,1462440.990349126,7,140.6471310847576,10.058414255119379,208920.14147844657,0.4961428046226501,0.069,10.180001105912744,10.322179800407637,10.777281715357358,141.1732935468478,140.74137662119628,138.63483124409808,0.53797174689812,0.06918,0.8854560256532099,-0.4647231720437685,12.249712146250829,Medium,1414.6871082445698,1452.757794840876,1437.144284432255,1494.1066318786711,5.553041099021784,75.7148842417512,0.7140883985922004,mid,moderate,moderate,high,0
2018-04-30,2018,4,18,-50.020243821783886,-61.08063174618587,885331.7640394,7,138.8749388559289,9.489132248715688,126475.96629134286,0.4961428046226501,0.069,9.773773251917529,9.949711486847061,10.339268524800692,139.76103497034325,140.40717531654147,139.58423638475477,0.4961428046226501,0.069,0.8229838658936565,-0.5680647467311557,11.747815485924779,Low,1317.802660836214,1397.0108850827419,1365.9926652534512,1443.1989018112347,4.936477762270499,69.66200975069302,0.6865300925924472,mid,moderate,moderate,high,0
2018-05-07,2018,5,19,-49.53060425843321,-60.69333071795579,406126.8424049,7,139.28164066927224,9.632538988517856,58018.120343557144,0.2564684152603149,0.0675,9.560835618616768,9.726695164117642,10.017642127691293,139.07828976260058,139.60123686998625,140.07614187775798,0.448207926750183,0.06870000000000001,0.7485107481711013,-0.6631226582407951,10.968527896315326,Low,1341.635834131499,1357.8586755681367,1329.7046665385753,1403.2326599590908,4.359581873640199,62.570380949257746,0.6682239577748821,mid,moderate,moderate,high,0
2018-05-14,2018,5,20,-50.04841171333334,-60.97177248333333,16215.684351,3,95.0,11.666666666666666,5405.228117,0.2564684152603149,0.0675,10.649602827592258,10.26277930130007,10.229668023145141,117.14082033463613,124.38552650840036,131.1006333237793,0.400273048877716,0.0684,0.6631226582407952,-0.7485107481711012,8.595306923134427,Low,1108.3333333333333,1276.5412068317223,1247.5032114622177,1341.1159565263415,4.107913960890494,49.78817393177737,0.7019741042089248,mid,moderate,moderate,high,0
2018-12-31,2019,1,1,-44.96286805,-60.04245432,50.53178075,1,300.0,19.0,50.53178075,1.2073559761047363,0.0786,15.333333333333329,13.433068551728175,11.969350431803917,197.5,178.09388022309076,162.76074212199174,0.5425156831741333,0.07032000000000001,0.12053668025532305,0.992708874098054,3.9421987386878325,Low,5700.0,2392.347301680045,3028.3333333333326,1948.140358998588,7.287650362465777,96.61872309836237,0.9446133805575253,mid,moderate,moderate,high,1
2019-01-28,2019,1,5,-46.50876051925,-60.79973047333333,7843.5704828,5,129.45,13.0625,1568.71409656,1.2073559761047363,0.0786,16.031249999999996,14.576388888888888,12.570167580780042,214.725,174.8166666666667,160.52131590504024,0.6847583174705505,0.07224,0.5680647467311558,0.8229838658936564,7.358648778294536,Low,1690.940625,2548.1957175925927,3442.310156249999,2017.7798412136885,9.981303530351981,119.70716653247675,1.0529983333333333,mid,moderate,moderate,high,1
2019-02-04,2019,2,6,-46.473786986687294,-60.767337840793516,74252.38310381,7,123.1757899994742,13.799375843454792,10607.483300544287,1.9631738662719729,0.0782,13.430937921727391,15.287291947818263,13.43221629972786,126.3128949997371,184.2085966664914,157.3814861337493,0.978164529800415,0.07408000000000001,0.6631226582407952,0.7485107481711011,9.269409271488142,Low,1699.7490210172045,2816.050596538556,1696.5006514551392,2113.9821633211413,14.953486740059322,180.18631534347284,1.132482587494377,mid,moderate,moderate,high,1
2019-02-11,2019,2,7,-47.83127859854765,-60.35078630328939,1193797.67251402,7,165.00804380723145,12.632726889025191,170542.52464486,1.9631738662719729,0.0782,13.216051366239988,13.164867577493327,14.03225387982933,144.09191690335282,139.21127793556855,162.52676676134112,1.3195056200027466,0.07622,0.7485107481711011,0.6631226582407953,12.046745819643512,Low,2084.5015519090593,1832.6980393153785,1904.3261752546948,2280.6168534629455,17.37111675509439,183.69006360374706,1.0034262067565414,mid,moderate,high,high,1
2019-02-18,2019,2,8,-49.38915758737907,-59.35812923377864,4995687.7299462,7,155.45587768532295,11.79481108523301,713669.6757066,1.9631738662719729,0.0782,12.213768987129097,12.74230460590433,14.057882763542597,160.2319607462772,147.8799038306762,174.6179422984057,1.6608467102050781,0.07836000000000001,0.8229838658936564,0.5680647467311558,13.47817689641376,Medium,1833.5727093874739,1884.3307797023147,1957.0361529097672,2454.7585612420335,21.16301468514722,245.6058517826219,0.9984869889186635,mid,moderate,high,high,1
2019-02-25,2019,2,9,-49.19941325950039,-59.758683619002205,5459300.555687537,7,166.7014813023102,10.992866716072468,779900.0793839339,1.9631738662719729,0.0782,11.393838900652735,11.806801563443557,12.456456106757091,161.0786794938166,162.3884675982882,147.95823855886778,1.8120102882385254,0.07828,0.8854560256532098,0.4647231720437686,13.566922369321906,Medium,1832.527165328143,1917.2884131246726,1835.3045244824216,1843.0353042416311,21.39404590415043,294.24957397938664,0.9242364263863616,mid,moderate,high,high,1
2019-03-04,2019,3,10,-49.01247258226234,-59.97746596618841,6130615.46180767,7,176.6327913573758,10.953962673573086,875802.2088296672,0.6434495449066162,0.075,10.973414694822774,11.247213491626189,12.034748641471708,171.667136329843,166.26338344833633,157.39479683034293,1.6992290019989014,0.07756,0.9350162426854148,0.35460488704253557,13.682896697227934,High,1934.8290034577171,1869.9997694835467,1883.7746764200435,1894.206817328685,19.11159135664455,282.5195631258772,0.8723338784105272,mid,moderate,high,high,1
2019-03-11,2019,3,11,-49.3656168975594,-59.49444264556031,5131292.166598529,7,160.66259842933513,10.85797398373401,733041.738085504,0.6434495449066162,0.075,10.905968328653543,10.934934457793188,11.446468269527553,168.64769489335546,167.99895702967373,164.89215851631508,1.4352841377258303,0.07692,0.970941817426052,0.23931566428755804,13.504959284880542,Medium,1744.4703139048254,1837.0575840970964,1839.2664192073605,1887.4328603509082,15.694737974342166,241.12623817917407,0.8411151584934521,mid,moderate,high,high,1
2019-03-18,2019,3,12,-49.86015066320722,-60.03512352624391,3877344.067948766,7,159.1927090414712,10.402456200045668,553906.2954212523,0.6434495449066162,0.075,10.630215091889834,10.738130952450922,11.000414131731649,159.92765373540317,165.4960329427274,163.72909156316305,1.171339273452759,0.07628,0.992708874098054,0.120536680255323,13.224752614944121,Medium,1655.9951831705182,1777.1180738501384,1700.0653583486144,1801.087812607004,12.577994508084446,193.85200298644818,0.8191046290529563,mid,moderate,high,high,1
2019-03-25,2019,3,13,-50.23671358334531,-60.10630521727496,4243106.21616259,7,160.91548909158033,10.197745703967072,606158.0308803701,0.6434495449066162,0.075,10.300100952006368,10.486058629248916,10.681001055478461,160.05409906652577,160.2569321874622,164.82101384441452,0.9073944091796875,0.07564000000000001,1.0,-1.6081226496766366e-16,13.314897657820438,Medium,1640.9752375854237,1680.4635866612964,1648.5733781676436,1760.4534228372215,9.514990974510884,145.4162442991915,0.7931654747163881,mid,moderate,moderate,high,1
2019-04-01,2019,4,14,-49.977746393613316,-59.77866670711055,1038542.0383037,7,158.30441092131574,10.302317309805716,148363.14832910002,0.5599123239517212,0.0737,10.25003150688639,10.300839737939485,10.54289117422511,159.60995000644803,159.47086968478908,163.14159976821563,0.6267421007156372,0.07474,0.992708874098054,-0.12053668025532288,11.907424992456216,Low,1630.9022728532682,1642.6838714928447,1636.007016378654,1719.9841323452858,6.455969936491306,99.94710786919433,0.7698847620135971,mid,moderate,moderate,high,1
2019-04-08,2019,4,15,-49.93894614648381,-60.528512501724556,356465.900279346,7,164.55503942950207,9.750085622509033,50923.700039906566,0.5599123239517212,0.0737,10.02620146615737,10.083382878760608,10.3021157640123,161.42972517540892,161.25831314746605,160.7260493826409,0.6100346565246582,0.07447999999999999,0.9709418174260521,-0.2393156642875575,10.83810335086473,Low,1604.4257240529953,1626.0293138489758,1618.5269472350662,1655.818367032324,6.151213011051346,98.37315967266022,0.75101035681009,mid,moderate,moderate,high,1
2019-04-15,2019,4,16,-50.17817918143778,-60.72637562696385,114625.93874,7,152.03281979458447,9.596183139922635,16375.134105714285,0.5599123239517212,0.0737,9.673134381215831,9.88286202407913,10.049757595250025,158.29392961204326,158.29742338180077,159.00009365569076,0.5933272123336792,0.07422,0.9350162426854148,-0.35460488704253545,9.703580316530498,Low,1458.9347820276878,1564.4315940495744,1531.1984528680143,1597.9123988617434,5.863770974625252,93.92216893472802,0.7335060194271529,mid,moderate,moderate,high,1
2019-04-22,2019,4,17,-50.09228142007653,-60.76984329260282,147144.7524607,7,127.42300556586271,9.412167594310452,21020.67892295714,0.5599123239517212,0.0737,9.50417536711654,9.586145452247374,9.85169987410298,139.7279126802236,148.00362159664977,152.64615296056905,0.5766197681427002,0.07396,0.8854560256532099,-0.4647231720437685,9.953309513931924,Low,1199.3266837566532,1418.7842440848653,1327.9985857939919,1503.8240859039424,5.527560968057081,85.34181396934012,0.7089913176482158,mid,cold,moderate,high,0
2019-04-29,2019,4,18,-50.13481970875,-60.48480184625,5133.9421433200005,4,142.75,9.3625,1283.4855358300001,0.5599123239517212,0.0737,9.387333797155222,9.456950244744363,9.684650733309567,135.08650278293135,140.73527512014905,149.013055142253,0.5599123239517212,0.0737,0.8229838658936565,-0.5680647467311557,7.1581135567201,Low,1336.496875,1330.9264944916588,1268.1020931137143,1443.1393937561195,5.2950629890306145,78.79941495450751,0.6969772330376596,mid,cold,moderate,high,0
2019-05-06,2019,5,19,-49.93586516166666,-60.55942001333333,5297.5919917,3,132.83333333333334,8.983333333333334,1765.8639972333333,0.171494573,0.0723,9.172916666666664,9.252666975881262,9.42085393801509,137.79166666666669,134.335446299732,143.91883962465653,0.482228773761377,0.07342,0.7485107481711013,-0.6631226582407951,7.476961501747653,Low,1193.2861111111113,1242.961147667801,1263.9514756944443,1355.8383670325077,4.461902249801609,64.78041754180708,0.6793308093692022,mid,cold,moderate,high,0
2019-12-30,2020,1,1,-46.14934702,-60.75139983,167.6916272,1,120.0,13.30000019,167.6916272,2.8697164058685303,0.0829,11.141666761666663,10.548611174444446,10.130836851513285,126.41666666666669,131.86111111111111,135.00783173875612,0.9441895901447388,0.07526000000000001,0.12053668025532305,0.992708874098054,5.128072362950063,Low,1596.0000228000001,1390.9515901413274,1408.492373120694,1367.7423170218954,9.959888861394912,124.50188845602986,0.793888476988689,mid,moderate,moderate,high,1
2020-01-06,2020,1,2,-46.21695832333333,-60.711813013333334,3197.5231289,6,125.91666666666667,14.099999984166667,532.9205214833333,2.8697164058685303,0.0829,13.70000008708333,12.127777835833333,11.03160022036209,122.95833333333334,126.25,129.78460111317256,1.4061504065281007,0.07709999999999999,0.23931566428755774,0.970941817426052,6.280246993582398,Low,1775.4249980063196,1531.1319517739582,1684.5291773742879,1431.7318342396804,17.053479734139533,177.52648882417273,0.9350516711427499,mid,moderate,high,high,1
2020-01-13,2020,1,3,-46.188298669999995,-60.587470655,510.7828177,2,133.0,13.55000019,255.39140885,2.8697164058685303,0.0829,13.82500008708333,13.65000012138889,11.8591667395,129.45833333333334,126.30555555555554,130.9,1.8681112229114625,0.07894,0.3546048870425356,0.9350162426854148,5.546705221560162,Low,1802.15002527,1724.0708486654244,1789.7614696069963,1552.3649262005501,25.49971841950941,235.95282584940054,1.0775310095824389,mid,moderate,high,high,1
2020-01-20,2020,1,4,-46.02134470833334,-60.709625499999994,877.787363829,3,99.5,13.5,292.595787943,2.8697164058685303,0.0829,13.525000094999996,13.716666724722224,12.686666739500001,116.25,119.47222222222221,122.25,2.330072039294824,0.08078,0.4647231720437685,0.8854560256532099,5.6822039538003075,Low,1343.25,1638.7606550841745,1572.2812610437495,1550.945008903875,31.96082160760097,278.3788844724177,1.1080323380230612,mid,moderate,high,high,1
2020-02-03,2020,2,6,-46.804005195,-60.81493561,968.428035,2,136.0,13.349999905,484.2140175,3.817046403884888,0.0803,13.424999952499997,13.466666698333334,13.560000053833335,117.75,122.83333333333333,122.88333333333333,3.0591824054718018,0.08238,0.6631226582407952,0.7485107481711011,6.1845900688619215,Low,1815.5999870800001,1654.1555594452777,1580.7937444068746,1666.2980066152195,41.19698982389438,375.7695721387863,1.1093840026087,mid,moderate,very_high,high,1
2020-02-10,2020,2,7,-46.81226509529365,-60.751015017214286,45351.371912589995,7,167.89523809523808,13.515357206869046,6478.767416084285,3.817046403884888,0.0803,13.432678555934519,13.455119037289682,13.603071457207141,151.94761904761904,134.46507936507933,132.46238095238095,3.2486484050750732,0.08186,0.7485107481711011,0.6631226582407953,8.776439896276907,Low,2269.1641161894704,1809.243649215747,2041.0635240062597,1801.8952334870323,43.710951000586384,436.8297656176581,1.1014360443925335,mid,moderate,very_high,high,1
2020-02-17,2020,2,8,-48.03847303019582,-60.20993706891829,1915167.79196173,7,153.22741937576694,12.266688327103207,273595.39885167574,3.817046403884888,0.0803,12.891022766986122,13.044015146324085,13.236409125794449,160.5613287355025,152.37421915700168,137.924531494201,3.4381144046783447,0.08134,0.8229838658936564,0.5680647467311558,12.519409302555738,Medium,1879.5929966488682,1987.5716225932354,2069.799744226906,1825.625527340766,44.846816369419344,523.8799977853024,1.0610001920020011,mid,moderate,very_high,high,1
2020-02-24,2020,2,9,-49.72807885180497,-59.37146618584545,10455781.9274245,7,159.88155215837168,11.338605740968033,1493683.1324892142,3.817046403884888,0.0803,11.802647034035616,12.373550424980095,12.794130235988058,156.5544857670693,160.33473654312556,143.30084192587532,3.627580404281616,0.08082,0.8854560256532098,0.4647231720437686,14.216756198285687,High,1812.833885177793,1983.909947492263,1847.7573371036715,1833.4096345263865,44.88604905304826,581.6271484094979,1.0000303453468913,mid,moderate,very_high,high,1
2020-03-02,2020,3,10,-49.84174190610357,-59.342594049624275,8552601.4838259,7,161.41481550988004,11.466399786182734,1221800.2119751286,1.9537570476531985,0.0765,11.40250276357538,11.690564618084657,12.387410193224605,160.64818383412586,158.17459568133953,155.68380502785135,3.4443885326385506,0.07954,0.9350162426854148,0.35460488704253557,14.01583673115682,High,1850.846806049214,1849.1503317521142,1831.791360131986,1928.519153321998,40.266846710600774,544.8147635195451,0.9298675097224537,mid,moderate,very_high,high,1
2020-03-09,2020,3,11,-50.0562441186588,-58.76181826702866,7313595.3518731,7,151.64374221277097,10.898834621639816,1044799.3359818714,1.9537570476531985,0.0765,11.18261720391127,11.234613382930194,11.897177136552568,156.5292788613255,157.64670329367422,158.81255347040556,3.071730661392212,0.07877999999999999,0.970941817426052,0.23931566428755804,13.859336359080507,High,1652.7400677835715,1771.0997625979378,1750.4070067104833,1889.421080145641,34.50970639723396,484.24821217457975,0.8850628423072405,mid,moderate,very_high,high,1
2020-03-16,2020,3,12,-49.896996441149895,-59.43753399986944,5486113.82348999,7,160.84136260398571,11.268002526300657,783730.5462128557,1.9537570476531985,0.0765,11.083418573970233,11.211078978041067,11.447706200438889,156.24255240837834,157.9666401088789,157.4017783721551,2.699072790145874,0.07802,0.992708874098054,0.120536680255323,13.571821825151405,Medium,1812.3608801553512,1770.976478156431,1731.7016074075382,1801.8893142310276,30.25951821780706,426.3634600686409,0.8746883818667641,mid,moderate,high,high,1
2020-03-23,2020,3,13,-50.21805833693604,-59.29326213451618,4561800.66782842,7,153.80176743227932,11.078840398982882,651685.8096897743,1.9537570476531985,0.0765,11.173421462641766,11.081892515641117,11.210136614814825,157.3215650181325,155.42895741634533,157.51664798345755,2.326414918899536,0.07726,1.0,-1.6081226496766366e-16,13.387319372267207,Medium,1703.945234463706,1722.446999906099,1757.8201511099937,1765.7831430022552,25.78108007802861,361.5922453623865,0.8561870157584327,mid,moderate,high,high,1
2020-03-30,2020,3,14,-50.20203994707416,-58.59197245501599,3150834.50404868,7,146.58845079891492,11.027123170820158,450119.2148640971,1.9537570476531985,0.0765,11.052981784901515,11.1246553653679,11.147840100785249,150.19510911559712,153.7438602783933,154.8580277115662,1.9537570476531985,0.0765,0.992708874098054,-0.12053668025532288,13.01726997021452,Medium,1616.4489023793453,1710.3474601384007,1660.1038052359904,1726.332531251511,21.734873822800502,300.37815055231954,0.8510361354506444,mid,moderate,high,high,1
2020-04-06,2020,4,15,-50.211014739655376,-59.7200177272368,1352907.6225028401,7,166.56789002194273,10.782859906412012,193272.51750040572,1.066420078277588,0.0759,10.90499153861608,10.962941158738351,11.011132124831104,156.5781704104288,155.65270275104567,155.88864261397873,1.7762896537780766,0.07638,0.9709418174260521,-0.2393156642875575,12.171861653748733,Medium,1796.0782230132518,1706.4114214583046,1707.4836234577128,1716.5104405830962,19.47335895524477,276.48428547927676,0.8373494457044353,mid,moderate,high,high,1
2020-04-13,2020,4,16,-49.86414289929242,-58.841433953333045,1880405.619698425,7,166.40110859726505,10.774413609965967,268629.3742426321,1.066420078277588,0.0759,10.778636758188986,10.86146556239938,10.986247922496336,166.4844993096039,159.85248313937421,158.84011589087757,1.5988222599029542,0.07626,0.9350162426854148,-0.35460488704253545,12.501091640235638,Medium,1792.8743691837974,1736.2322406823405,1794.4759439271854,1745.056893215231,17.36555291633349,255.57570834399317,0.8282953637885766,mid,moderate,high,high,1
2020-04-20,2020,4,17,-49.73619133752574,-59.01463422338882,774488.638523769,7,166.26636752809574,10.270256310759294,110641.23407482414,1.066420078277588,0.0759,10.522334960362627,10.609176609045758,10.786698679388063,166.3337380626804,166.4117887157678,159.92511687569953,1.4213548660278321,0.07614,0.8854560256532099,-0.4647231720437685,11.614057158432537,Low,1707.5982103724493,1765.4920563127887,1750.2193071047418,1725.0640470040898,15.079404797815844,236.53020565555207,0.807782707012744,mid,moderate,high,high,1
2020-04-27,2020,4,18,-49.12042675249426,-59.20769571443149,729315.84751442,7,180.6821753945719,9.954422259030888,104187.97821634573,1.066420078277588,0.0759,10.112339284895087,10.333030726585383,10.561815051397664,173.47427146133384,171.11655050664422,165.30119846815805,1.24388747215271,0.07602,0.8229838658936565,-0.5680647467311557,11.55396162744141,Low,1798.5866685578499,1768.1525742124543,1754.230690217001,1745.8806859950641,12.853127470168573,212.8497334532012,0.7855169958350209,mid,moderate,high,high,1
2020-05-04,2020,5,19,-47.16212904113685,-59.82020381165866,806254.9755041,7,175.4329781912765,9.818749536820922,115179.28221487142,0.6636585593223572,0.0753,9.886585897925901,10.014476035537035,10.320140324597816,178.0575767929242,174.12717370464804,171.07010394663038,0.9858677744865417,0.07578,0.7485107481711013,-0.6631226582407951,11.654253851273596,Low,1722.532473358711,1743.7924082009924,1760.3815277397825,1765.46747807276,9.872949201803701,171.66636921783282,0.7588969939729965,mid,moderate,moderate,high,1
2020-05-11,2020,5,20,-45.96425104149545,-60.44984238014367,1042473.6513817,7,136.22937675070028,9.72904065444028,148924.80734024284,0.6636585593223572,0.0753,9.773895095630596,9.834070816764031,10.10937647420347,155.8311774709884,164.11484344551624,165.0024012923819,0.9053154706954956,0.07565999999999999,0.6631226582407952,-0.7485107481711012,11.911203523608553,Low,1325.3811447366245,1613.916992525349,1523.0775812300346,1668.071393812286,8.902936450331566,148.5757067419951,0.7440457979963665,mid,moderate,moderate,high,1
2020-05-18,2020,5,21,-46.02997643805303,-60.407845087787884,132935.390985763,7,140.0573593073593,9.732175421903895,18990.770140823286,0.6636585593223572,0.0753,9.730608038172083,9.759988537721698,9.900928836591055,138.14336802902977,150.57323808311202,159.73365143440074,0.8247631669044495,0.07554000000000001,0.5680647467311558,-0.8229838658936564,9.851761013881479,Low,1363.0627899078447,1469.5930777788135,1344.2189673634414,1581.5115156608424,8.049679055322475,124.18726069248513,0.7372695341394971,mid,cold,moderate,high,1
2020-05-25,2020,5,22,-46.625706415416666,-60.711431905,7023.8463798,4,159.45833333333334,9.308333436375,1755.96159495,0.6636585593223572,0.0753,9.520254429139444,9.589849837573057,9.708544261714197,149.75784632034632,145.24835646379765,158.37204459544824,0.7442108631134033,0.07542,0.46472317204376906,-0.8854560256532096,7.471341230207747,Low,1484.291335875297,1392.9099276421034,1425.732799729661,1537.562004773084,7.136870424748175,108.09540472972613,0.72326647474976,mid,cold,moderate,high,1
